VIN,brand,payment_method,sale_date
292 BOY,Model 3,Cash,2023-8-6
245937,Model Y,Loan,2023-1-16
6FE 365,Model S,Loan,2023-5-22
50I N46,Model Y,Cash,2023-8-28
VOG 637,Model X,Cash,2023-11-3
201NQQ,Model X,Cash,2023-6-10
0TD2583,Model Y,Cash,2023-7-4
ECH-938,Model Y,Cash,2023-10-18
609 2266,Model X,Cash,2023-2-17
581185,Model Y,Loan,2023-12-20
HFE 710,Model 3,Loan,2023-4-7
XN-8877,Model S,Cash,2023-2-20
LDN-801,Model 3,Loan,2023-9-21
9QQ5821,Model S,Cash,2023-8-8
G14 4XH,Model 3,Cash,2023-12-28
73R 1997,Model 3,Cash,2023-8-12
GBF-337,Model 3,Loan,2023-11-18
T68 5TB,Model Y,Loan,2023-12-7
489DJQ,Model Y,Cash,2023-12-20
6-11184,Model S,Cash,2023-4-14
367-VBB,Model 3,Loan,2023-11-24
IJG9958,Model 3,Loan,2023-8-11
364 OSB,Model X,Cash,2023-9-26
3GR5463,Model X,Loan,2023-9-16
C99 9WO,Model X,Cash,2023-3-21
440 YX7,Model S,Loan,2023-2-10
529EAP,Model 3,Loan,2023-2-9
498 ARF,Model Y,Cash,2023-6-21
CWJ6080,Model X,Cash,2023-5-27
223ZPE,Model Y,Loan,2023-4-9
CJF-565,Model X,Loan,2023-11-17
GL-4041,Model S,Cash,2023-8-8
823L,Model 3,Cash,2023-1-27
4B 34748,Model 3,Cash,2023-11-17
1-5127A,Model X,Cash,2023-7-8
1PS 997,Model Y,Loan,2023-2-9
259 ED8,Model Y,Loan,2023-7-12
991MXJ,Model Y,Loan,2023-11-16
6WF M45,Model S,Loan,2023-5-27
HLF 407,Model 3,Loan,2023-8-6
8-59418,Model Y,Cash,2023-2-17
489XZ,Model S,Cash,2023-2-15
841-GOC,Model S,Cash,2023-4-14
ZMG 042,Model 3,Loan,2023-3-21
ZXJ 496,Model X,Loan,2023-12-9
69G•936,Model S,Loan,2023-3-25
08-8850Z,Model S,Loan,2023-12-1
6-7137Z,Model Y,Cash,2023-9-20
S75 0MO,Model Y,Loan,2023-9-7
1TE T42,Model 3,Cash,2023-10-2
RGN-8152,Model Y,Cash,2023-6-16
ZXX-483,Model Y,Cash,2023-5-1
AAS 490,Model 3,Loan,2023-11-23
215 EOI,Model Y,Loan,2023-8-25
1895 HP,Model 3,Loan,2023-11-5
HSL 810,Model X,Loan,2023-9-21
LST 407,Model S,Cash,2023-3-9
M38-UPV,Model 3,Loan,2023-5-18
D62-PCL,Model S,Cash,2023-2-17
7-O1322,Model 3,Cash,2023-5-1
89-59876,Model 3,Loan,2023-3-18
157-IQZ,Model X,Cash,2023-2-3
62I E38,Model X,Cash,2023-10-8
DCH-7041,Model X,Loan,2023-3-22
287 QZA,Model Y,Cash,2023-11-11
V 052597,Model X,Loan,2023-8-7
547 9XZ,Model 3,Cash,2023-8-26
5K584,Model S,Cash,2023-10-23
442 XWQ,Model X,Cash,2023-2-20
209BBE,Model X,Cash,2023-11-28
FPX-098,Model X,Cash,2023-2-20
572VJL,Model S,Cash,2023-5-25
8-56505E,Model S,Loan,2023-11-21
C66 4YD,Model X,Cash,2023-6-6
6JWS 47,Model X,Loan,2023-3-18
C09-94K,Model 3,Cash,2023-4-24
154-VUF,Model Y,Cash,2023-11-28
4BPV 99,Model X,Cash,2023-2-10
535 UXY,Model S,Cash,2023-8-23
559 TRI,Model X,Cash,2023-12-21
32-0678D,Model X,Cash,2023-3-9
001HX,Model S,Loan,2023-5-2
588 8190,Model Y,Cash,2023-8-8
DZN 059,Model S,Cash,2023-6-22
88R LL6,Model 3,Cash,2023-1-24
SCH 879,Model S,Loan,2023-4-14
M18-92F,Model X,Cash,2023-9-16
6CI84,Model X,Loan,2023-3-28
162 BZD,Model 3,Cash,2023-7-16
AMH 072,Model Y,Cash,2023-3-16
0LC C28,Model X,Loan,2023-6-17
204-RFR,Model Y,Cash,2023-2-2
IAK-9202,Model X,Loan,2023-2-21
N39 6NH,Model S,Loan,2023-12-4
HXV 097,Model Y,Cash,2023-8-1
739 YSB,Model X,Cash,2023-6-25
YOU-6250,Model X,Loan,2023-11-24
43SW834,Model X,Cash,2023-6-6
I10 9VE,Model 3,Loan,2023-9-11
875RM,Model 3,Cash,2023-2-28
246 AF8,Model X,Cash,2023-6-14
943 CHP,Model S,Loan,2023-3-24
464 7IS,Model 3,Cash,2023-8-4
TT-1834,Model Y,Cash,2023-2-24
851CZ,Model Y,Loan,2023-11-10
11-YW23,Model Y,Loan,2023-3-11
LHX 717,Model 3,Cash,2023-7-26
210GJF,Model 3,Cash,2023-1-16
3344 RQ,Model Y,Loan,2023-1-28
8MW13,Model X,Loan,2023-9-24
59H GE9,Model X,Cash,2023-8-17
34S U40,Model S,Cash,2023-11-15
39A•891,Model X,Cash,2023-6-19
096 RKV,Model Y,Loan,2023-4-18
4TRH 35,Model X,Loan,2023-5-6
2Z 8W9UWH,Model 3,Loan,2023-4-5
625-SGR,Model Y,Cash,2023-11-15
8HT 645,Model Y,Cash,2023-9-4
ZDG-179,Model S,Cash,2023-11-27
RP-2176,Model 3,Loan,2023-5-26
LSU 062,Model Y,Cash,2023-4-14
HTV 472,Model X,Loan,2023-6-22
5-19109D,Model X,Cash,2023-8-12
3WH 579,Model 3,Cash,2023-7-19
XQ-8790,Model 3,Loan,2023-5-19
KGX 007,Model 3,Cash,2023-6-19
864HJ,Model Y,Cash,2023-9-21
220ZYC,Model 3,Cash,2023-3-7
25-65405,Model 3,Cash,2023-8-18
397 DWL,Model 3,Cash,2023-6-3
B51-55I,Model X,Cash,2023-11-1
344-WIA,Model X,Cash,2023-7-15
2FP 656,Model Y,Loan,2023-8-25
457JGZ,Model S,Cash,2023-8-2
054VXE,Model 3,Loan,2023-12-23
440 DLA,Model S,Cash,2023-10-3
997 OHG,Model Y,Cash,2023-12-4
L85-RFM,Model X,Loan,2023-10-25
QUC 125,Model X,Cash,2023-7-17
VOR 730,Model S,Cash,2023-1-24
5NU D09,Model Y,Loan,2023-12-25
1MZI 42,Model 3,Cash,2023-3-4
I16-PVH,Model 3,Loan,2023-12-17
813 7AY,Model Y,Loan,2023-7-19
EL 76064,Model Y,Loan,2023-11-24
1-3746U,Model X,Cash,2023-7-23
VR9 8576,Model S,Cash,2023-5-17
3-1023Y,Model Y,Loan,2023-7-21
7KN 104,Model X,Cash,2023-10-15
23J N52,Model X,Cash,2023-9-25
4-9646V,Model Y,Loan,2023-11-17
5HW97,Model X,Cash,2023-2-12
LF 7778,Model X,Cash,2023-1-8
W96-MTG,Model Y,Cash,2023-3-15
IUC 337,Model Y,Loan,2023-8-6
785 8CU,Model Y,Cash,2023-4-17
LQ-5466,Model Y,Cash,2023-7-4
04A 1467,Model Y,Loan,2023-8-8
0LV 928,Model X,Cash,2023-10-14
1AR D95,Model Y,Loan,2023-4-4
593-ZYX,Model 3,Loan,2023-5-13
NJH-4089,Model X,Loan,2023-2-26
3MKC 87,Model 3,Cash,2023-5-24
425G,Model X,Cash,2023-10-15
304D,Model 3,Loan,2023-9-25
NA1 0930,Model X,Loan,2023-11-14
021 IRZ,Model Y,Cash,2023-10-9
298-YMAQ,Model 3,Loan,2023-1-16
711 MJH,Model 3,Loan,2023-3-2
0VT6725,Model X,Loan,2023-2-6
96Q MF5,Model S,Cash,2023-11-27
MT6 E0N,Model 3,Cash,2023-8-26
69NL5,Model X,Loan,2023-7-18
69-M002,Model Y,Loan,2023-3-12
5Q YX886,Model S,Cash,2023-6-6
HRG3747,Model Y,Loan,2023-4-28
769 WLU,Model 3,Cash,2023-11-19
0315 DO,Model Y,Loan,2023-1-9
053-NYG,Model X,Loan,2023-7-21
N72 4NA,Model S,Cash,2023-12-2
973-VQY,Model S,Loan,2023-12-23
976IN,Model X,Loan,2023-2-8
442 REN,Model S,Loan,2023-2-13
482 2XE,Model Y,Cash,2023-9-3
DME-973,Model Y,Cash,2023-8-19
T 631762,Model Y,Cash,2023-1-24
93P 2167,Model 3,Loan,2023-4-23
2-8652H,Model Y,Cash,2023-9-12
4CC4836,Model 3,Loan,2023-7-24
7SV31,Model X,Cash,2023-8-20
835 PTP,Model 3,Cash,2023-4-6
424-QHH,Model S,Cash,2023-10-11
54V 1163,Model Y,Cash,2023-8-4
OO9 6222,Model Y,Loan,2023-6-3
NSL F21,Model S,Cash,2023-9-20
UY 48729,Model Y,Cash,2023-4-13
0A006,Model S,Cash,2023-6-15
WGW1104,Model 3,Loan,2023-12-7
486 6189,Model Y,Cash,2023-5-11
293-SLS,Model X,Loan,2023-5-9
GCW-327,Model S,Loan,2023-6-19
U27-21L,Model Y,Cash,2023-10-19
672-HBGO,Model S,Loan,2023-2-22
9-W2515,Model Y,Loan,2023-9-11
598 ENK,Model X,Cash,2023-11-19
87-GJ00,Model 3,Loan,2023-3-7
MR-9067,Model Y,Cash,2023-3-8
6H 4755Z,Model S,Loan,2023-6-13
9O MW452,Model S,Loan,2023-1-26
212-KXPH,Model Y,Loan,2023-2-3
NW 37559,Model S,Cash,2023-1-8
49-63599,Model 3,Cash,2023-11-28
923917,Model X,Loan,2023-4-18
SE 0024,Model X,Loan,2023-11-8
349-HKO,Model X,Cash,2023-5-3
4-08176S,Model 3,Cash,2023-7-12
K35 8NM,Model Y,Cash,2023-10-23
I64 4VC,Model Y,Cash,2023-8-16
J49 1NJ,Model 3,Cash,2023-9-11
0MJ 451,Model 3,Cash,2023-11-5
3KB79,Model S,Cash,2023-6-7
12T B76,Model Y,Loan,2023-7-27
159 WOX,Model X,Cash,2023-9-22
9-8302A,Model X,Loan,2023-9-3
7B 1097B,Model Y,Cash,2023-9-26
LBH 251,Model Y,Cash,2023-8-22
ZE 14629,Model X,Cash,2023-10-2
603-KKQ,Model X,Loan,2023-5-28
520-HUF,Model 3,Cash,2023-5-5
189 4GL,Model X,Loan,2023-2-27
10-2884X,Model 3,Loan,2023-7-5
809BJ,Model S,Loan,2023-11-5
8J EF852,Model S,Cash,2023-11-20
7HO2262,Model X,Loan,2023-2-14
67FS5,Model Y,Cash,2023-6-24
54B A73,Model Y,Loan,2023-12-24
PVH 770,Model 3,Loan,2023-8-7
3T Y2323,Model 3,Loan,2023-3-17
LAZ 835,Model Y,Loan,2023-3-3
8S 6L5TSV,Model S,Loan,2023-9-8
943 OWX,Model Y,Cash,2023-8-12
J 497365,Model X,Cash,2023-11-8
15W 423,Model S,Cash,2023-6-11
NJG 968,Model 3,Loan,2023-7-13
HTS 284,Model Y,Cash,2023-3-15
151 AHU,Model Y,Cash,2023-3-26
MQJ 632,Model S,Loan,2023-6-11
62M TL8,Model S,Loan,2023-2-17
0RK 173,Model Y,Loan,2023-10-10
604DPS,Model Y,Loan,2023-11-21
832B5,Model Y,Cash,2023-3-7
416 2SZ,Model X,Loan,2023-3-4
GIS N41,Model S,Loan,2023-9-27
863-GIQ,Model Y,Loan,2023-8-27
U38 7DX,Model S,Cash,2023-8-3
9NY A35,Model X,Loan,2023-1-5
653-778,Model S,Loan,2023-12-28
2N XY986,Model 3,Loan,2023-10-8
LYN 765,Model X,Loan,2023-9-12
2XI16,Model X,Cash,2023-2-23
BTI7722,Model X,Cash,2023-9-9
I18-IID,Model Y,Loan,2023-11-14
274 9TN,Model X,Cash,2023-9-8
5SM Y77,Model Y,Loan,2023-7-12
804L0,Model S,Loan,2023-6-23
BI3 F3B,Model 3,Cash,2023-4-5
8-41053X,Model 3,Loan,2023-6-17
435 PEU,Model Y,Loan,2023-1-19
CFV5027,Model 3,Loan,2023-4-19
514-YFIK,Model S,Cash,2023-6-1
097 OI4,Model 3,Loan,2023-8-26
190 9407,Model X,Loan,2023-10-26
ZTY 272,Model Y,Loan,2023-8-20
MDQ 267,Model 3,Loan,2023-5-3
041-BUPT,Model Y,Cash,2023-11-19
NHU 745,Model 3,Cash,2023-12-10
827 SF9,Model Y,Cash,2023-10-11
85-5643U,Model X,Cash,2023-7-28
9-F4845,Model S,Cash,2023-5-11
068-IRD,Model 3,Loan,2023-5-21
2-T8152,Model Y,Loan,2023-6-13
6-8196Y,Model 3,Cash,2023-1-25
646-ZXD,Model X,Loan,2023-1-3
UT-9444,Model S,Loan,2023-6-27
4D EZ311,Model 3,Cash,2023-11-5
V 627827,Model 3,Cash,2023-9-6
1VU0844,Model S,Loan,2023-5-15
533 WZO,Model S,Loan,2023-12-7
JEE 3496,Model Y,Cash,2023-12-17
00I 1511,Model 3,Loan,2023-10-18
ZQB 869,Model X,Loan,2023-2-27
294C,Model 3,Cash,2023-11-11
1DH 070,Model Y,Loan,2023-10-14
UAY-5997,Model S,Cash,2023-2-11
UO 6645,Model Y,Loan,2023-4-24
3OS9411,Model S,Cash,2023-11-25
529 USB,Model 3,Cash,2023-10-19
LDN 6000,Model 3,Cash,2023-9-13
174XC,Model 3,Cash,2023-11-11
803 7KO,Model S,Cash,2023-8-5
LVF 161,Model X,Loan,2023-4-8
20L C99,Model Y,Loan,2023-6-22
LKD 539,Model Y,Cash,2023-8-18
015 XGX,Model Y,Cash,2023-1-22
2HO8797,Model 3,Cash,2023-8-15
102 FHO,Model Y,Cash,2023-9-24
096 7YD,Model S,Loan,2023-12-23
054 4PT,Model X,Cash,2023-11-26
028-ASS,Model X,Cash,2023-1-14
XEZ 947,Model S,Loan,2023-8-10
32-J398,Model X,Cash,2023-12-2
570-BAW,Model S,Loan,2023-2-7
664-VMPY,Model S,Cash,2023-4-27
411-153,Model 3,Loan,2023-4-22
OJF-560,Model S,Cash,2023-3-19
999-OXRT,Model Y,Loan,2023-4-20
X25-MXF,Model Y,Loan,2023-10-9
7J041,Model 3,Cash,2023-9-11
389 IUC,Model S,Cash,2023-2-19
QOV2848,Model S,Cash,2023-10-16
425-UHE,Model Y,Loan,2023-5-3
982 9AC,Model Y,Cash,2023-3-2
V 207243,Model S,Loan,2023-6-19
207 6HB,Model 3,Loan,2023-10-17
JIW 383,Model Y,Loan,2023-2-19
F20 4EU,Model S,Cash,2023-11-6
MYH 436,Model Y,Loan,2023-10-10
360 AAL,Model Y,Loan,2023-3-2
69-05153,Model 3,Loan,2023-4-24
93E N56,Model 3,Cash,2023-8-7
PIC 990,Model S,Loan,2023-3-28
696 PWA,Model X,Loan,2023-12-23
50ZZ7,Model 3,Cash,2023-7-3
8KB 695,Model X,Cash,2023-10-3
557 5524,Model X,Loan,2023-4-7
1463 PQ,Model X,Loan,2023-8-27
943 SPZ,Model S,Loan,2023-2-25
TBQ-743,Model 3,Cash,2023-9-19
514 UD0,Model 3,Cash,2023-8-17
958 DCC,Model X,Loan,2023-12-28
X91 9MH,Model S,Cash,2023-10-26
WRA-2183,Model S,Loan,2023-11-7
12-3157G,Model S,Cash,2023-8-16
00-9557C,Model 3,Loan,2023-12-23
3TA 584,Model Y,Cash,2023-5-25
266 XJO,Model S,Loan,2023-3-15
7FW2403,Model X,Loan,2023-4-15
882-IOO,Model S,Loan,2023-7-2
702-XDX,Model 3,Loan,2023-9-14
78-3004L,Model Y,Loan,2023-9-16
977 7YC,Model Y,Cash,2023-9-18
JBD-4156,Model S,Loan,2023-3-28
T 835397,Model S,Loan,2023-10-25
330-VOP,Model X,Loan,2023-4-4
5-1686E,Model S,Cash,2023-8-18
3MQ C55,Model Y,Cash,2023-4-22
3YU 613,Model Y,Cash,2023-2-26
71-89605,Model 3,Loan,2023-6-2
866 TFP,Model S,Loan,2023-6-26
HUJ 300,Model S,Cash,2023-1-6
PF 9447,Model S,Cash,2023-12-10
LOG 715,Model 3,Cash,2023-4-14
791 RAI,Model Y,Cash,2023-7-20
018 XGO,Model S,Loan,2023-11-18
2YK04,Model Y,Loan,2023-7-6
052 2934,Model S,Loan,2023-6-12
549-KYA,Model X,Loan,2023-11-15
KMV-045,Model X,Cash,2023-10-13
LEJ-1976,Model 3,Cash,2023-12-10
BPZ 3186,Model X,Cash,2023-11-2
TLZ0242,Model Y,Loan,2023-1-22
9-7820J,Model 3,Cash,2023-8-21
153 9ZL,Model X,Cash,2023-7-19
21F 1822,Model 3,Loan,2023-6-11
662 IBC,Model X,Cash,2023-9-18
87Y E54,Model X,Cash,2023-5-19
3-6555V,Model S,Loan,2023-12-9
5UJ6392,Model S,Loan,2023-5-12
1-1556W,Model S,Loan,2023-3-28
3XAD 67,Model 3,Cash,2023-4-26
WBZ-3150,Model 3,Cash,2023-1-1
15-N550,Model S,Loan,2023-1-9
366 2EH,Model X,Loan,2023-7-22
YPT 1182,Model X,Loan,2023-3-20
023271,Model S,Loan,2023-11-12
PKM-7916,Model Y,Cash,2023-12-8
JVI 604,Model S,Cash,2023-8-3
WBF 232,Model X,Cash,2023-7-28
5MS8125,Model S,Loan,2023-12-27
4WC3874,Model S,Cash,2023-1-17
QDJ 111,Model X,Loan,2023-8-13
YXQ-101,Model X,Cash,2023-3-19
V19 1NN,Model 3,Loan,2023-2-12
2M 4646Y,Model Y,Loan,2023-12-7
236 WYR,Model S,Loan,2023-3-1
QVX-5420,Model X,Cash,2023-3-20
3FP F62,Model X,Cash,2023-3-13
TWE8674,Model S,Cash,2023-3-16
3AO U30,Model 3,Loan,2023-4-1
813 PBW,Model X,Loan,2023-7-18
189LJZ,Model 3,Loan,2023-7-17
EVA 008,Model X,Loan,2023-5-2
066WXI,Model S,Loan,2023-6-3
LW5 B6K,Model Y,Loan,2023-8-28
VYH-5578,Model 3,Loan,2023-8-17
BZL-6542,Model S,Loan,2023-4-1
84O CQ1,Model 3,Cash,2023-12-20
RG 03047,Model S,Cash,2023-7-26
9PO8151,Model S,Loan,2023-10-7
PAS 476,Model S,Cash,2023-11-20
512-DSBO,Model X,Cash,2023-11-1
TJ0 I9B,Model X,Cash,2023-1-11
835-QWH,Model Y,Loan,2023-8-18
XTC 111,Model S,Cash,2023-4-13
2C G8661,Model 3,Loan,2023-11-21
TML 432,Model Y,Cash,2023-8-13
192-UWU,Model Y,Cash,2023-5-22
6PE5921,Model Y,Loan,2023-12-9
85W AN3,Model Y,Cash,2023-5-25
EOH-9322,Model X,Cash,2023-5-7
301 XKI,Model 3,Cash,2023-6-12
X02 6IR,Model 3,Loan,2023-12-25
035XBA,Model X,Loan,2023-9-28
S96 8LN,Model Y,Loan,2023-9-12
ZGJ 628,Model X,Loan,2023-11-19
HU 98568,Model Y,Loan,2023-5-23
5WP P63,Model S,Cash,2023-8-18
09G•406,Model Y,Loan,2023-3-6
DVZ 274,Model Y,Cash,2023-12-1
8VC1416,Model S,Cash,2023-5-18
VE9 E7S,Model S,Loan,2023-1-14
52-4625L,Model Y,Cash,2023-3-20
Q95 8WT,Model Y,Cash,2023-3-21
LB0 4085,Model S,Cash,2023-8-7
173-TXK,Model S,Loan,2023-12-11
2-22950,Model X,Cash,2023-7-9
TJO5246,Model Y,Cash,2023-7-10
WLT 6718,Model Y,Cash,2023-12-13
HFJ-540,Model Y,Cash,2023-1-22
112A8,Model S,Loan,2023-6-19
668-BSI,Model Y,Loan,2023-5-9
2BD P10,Model S,Cash,2023-3-15
723-OZB,Model 3,Cash,2023-2-19
55ZG058,Model X,Loan,2023-10-26
KER 292,Model Y,Loan,2023-6-22
DCZ F36,Model S,Loan,2023-9-3
148 5344,Model X,Loan,2023-1-4
E79 8JC,Model 3,Cash,2023-11-23
986-963,Model 3,Cash,2023-5-28
S 493753,Model X,Cash,2023-12-6
8YO 165,Model Y,Cash,2023-9-25
41D 2566,Model X,Loan,2023-2-9
321-EDFD,Model Y,Loan,2023-4-11
4ND H91,Model 3,Cash,2023-6-28
7CI 548,Model 3,Loan,2023-4-22
JXF 8785,Model Y,Cash,2023-11-18
827 OVQ,Model Y,Cash,2023-3-13
8-3866Z,Model 3,Cash,2023-5-15
GQV 513,Model X,Loan,2023-6-26
853 4KB,Model Y,Loan,2023-6-2
7NP0057,Model Y,Loan,2023-8-20
GUI 841,Model Y,Cash,2023-1-9
KPZ 025,Model X,Loan,2023-6-28
533G,Model S,Cash,2023-1-15
MVZ 065,Model 3,Loan,2023-7-17
781 DSU,Model 3,Loan,2023-4-9
NLW-4753,Model S,Cash,2023-5-4
963 ERS,Model Y,Loan,2023-8-17
ECA 387,Model 3,Cash,2023-3-12
LTN 627,Model 3,Cash,2023-4-17
41C QR3,Model X,Cash,2023-2-24
9E687,Model 3,Loan,2023-10-5
MJY-435,Model Y,Cash,2023-6-6
CFF 742,Model Y,Cash,2023-1-5
4I T5427,Model Y,Loan,2023-7-12
1112 AX,Model Y,Loan,2023-11-7
6O 67071,Model Y,Cash,2023-8-22
D34 5JN,Model S,Loan,2023-12-11
85-43540,Model S,Cash,2023-8-13
TRS-9439,Model Y,Cash,2023-8-2
D85-15I,Model S,Cash,2023-3-28
V86 4YE,Model Y,Loan,2023-6-13
40E F95,Model X,Cash,2023-8-6
4QO1399,Model X,Cash,2023-6-28
624-TYV,Model Y,Cash,2023-8-15
973 5220,Model S,Loan,2023-4-28
78SU4,Model Y,Loan,2023-4-11
MKM-456,Model S,Cash,2023-7-10
34-KZ30,Model 3,Cash,2023-5-9
0C 1A9PEN,Model X,Cash,2023-1-17
TA 52791,Model X,Loan,2023-1-24
4768 TW,Model S,Loan,2023-9-4
283Y,Model Y,Loan,2023-9-27
6X B6871,Model Y,Cash,2023-6-14
743 ILY,Model X,Loan,2023-9-16
B17 3DP,Model 3,Loan,2023-1-19
J66 3EN,Model 3,Cash,2023-12-9
OJC 101,Model S,Cash,2023-11-9
UXN8145,Model 3,Cash,2023-1-14
7-79545,Model Y,Loan,2023-5-4
120 JES,Model Y,Cash,2023-1-28
479-FTO,Model 3,Loan,2023-5-12
HVN 864,Model Y,Loan,2023-3-18
JQG2497,Model Y,Cash,2023-8-2
YAJ-516,Model Y,Loan,2023-5-4
22-ZP05,Model X,Cash,2023-9-21
RAA 325,Model X,Loan,2023-11-11
72R 093,Model 3,Cash,2023-3-15
N92-23V,Model 3,Loan,2023-9-11
3-4119I,Model Y,Cash,2023-4-4
7ZI 986,Model X,Loan,2023-6-12
OTW-2612,Model S,Loan,2023-7-27
229-KNU,Model X,Cash,2023-2-9
49-6945O,Model 3,Loan,2023-1-4
226-937,Model X,Loan,2023-2-25
1MG 537,Model Y,Cash,2023-12-10
047 GBR,Model Y,Loan,2023-1-7
9LK X91,Model S,Cash,2023-1-12
83G•761,Model Y,Cash,2023-10-16
ES1 0716,Model 3,Cash,2023-11-19
23-B543,Model Y,Loan,2023-12-27
810QE,Model X,Loan,2023-5-28
310-EIH,Model X,Cash,2023-1-22
245 XCE,Model Y,Loan,2023-12-21
6-13829D,Model 3,Cash,2023-10-10
751-546,Model X,Cash,2023-10-20
4B OA931,Model Y,Loan,2023-12-4
75O 2369,Model Y,Loan,2023-1-19
193 FSJ,Model X,Cash,2023-11-20
304 BZG,Model X,Cash,2023-5-3
41-G200,Model X,Cash,2023-11-6
425 ZBM,Model X,Cash,2023-4-27
LUA 711,Model Y,Cash,2023-5-18
KE8 E2C,Model Y,Cash,2023-8-14
O 952057,Model 3,Loan,2023-1-12
383YJ,Model X,Cash,2023-3-6
OLJ2092,Model S,Cash,2023-11-26
96Z 568,Model 3,Cash,2023-3-5
N70-NOR,Model Y,Loan,2023-4-6
4C 8579X,Model 3,Loan,2023-3-8
7H473,Model Y,Cash,2023-7-21
3LD6713,Model X,Loan,2023-8-25
23K 465,Model Y,Cash,2023-8-18
57-GZ36,Model X,Loan,2023-1-16
524 CIX,Model Y,Loan,2023-12-27
923 JTJ,Model S,Cash,2023-10-12
7WI I35,Model S,Loan,2023-4-22
RN 04538,Model S,Cash,2023-9-7
NDU-6156,Model X,Loan,2023-11-16
483-VDZQ,Model S,Loan,2023-2-11
832 XBG,Model Y,Loan,2023-4-25
8AQ 307,Model Y,Cash,2023-8-6
2-3808P,Model X,Cash,2023-6-28
201 NKS,Model Y,Loan,2023-2-3
24S VB9,Model X,Loan,2023-4-19
EZQ9007,Model X,Loan,2023-6-9
JIH 576,Model 3,Cash,2023-1-24
86XJ1,Model 3,Loan,2023-1-25
340 AO6,Model X,Cash,2023-8-3
5HG W19,Model S,Loan,2023-3-20
Q 871846,Model 3,Loan,2023-10-25
6-2174X,Model S,Cash,2023-5-17
214UOZ,Model Y,Cash,2023-12-12
48P ZC2,Model X,Loan,2023-8-11
YER 416,Model S,Loan,2023-5-23
FGC 632,Model Y,Cash,2023-10-20
031-827,Model X,Loan,2023-1-15
6IP4937,Model X,Cash,2023-10-10
8B Z9287,Model Y,Cash,2023-9-18
LRE 177,Model S,Cash,2023-11-15
LHO 673,Model 3,Cash,2023-12-24
057 8IH,Model X,Cash,2023-10-7
969-ZIUV,Model Y,Loan,2023-6-25
53P X64,Model 3,Loan,2023-7-8
QUW 168,Model Y,Cash,2023-2-23
KDJ 072,Model Y,Cash,2023-10-22
02-B684,Model 3,Loan,2023-10-21
8362,Model 3,Loan,2023-9-11
107 ID2,Model Y,Loan,2023-3-26
1NF5035,Model S,Loan,2023-7-23
JRX-725,Model 3,Cash,2023-11-28
XIB-838,Model S,Cash,2023-7-26
35P M65,Model 3,Loan,2023-10-25
DK5 7295,Model 3,Cash,2023-9-20
553-AVC,Model X,Cash,2023-11-17
Z 133847,Model 3,Loan,2023-12-1
KFN 876,Model X,Cash,2023-1-23
702 VSU,Model X,Cash,2023-12-15
72VR039,Model 3,Loan,2023-3-23
2L 9R8VXP,Model X,Loan,2023-9-26
961 ESJ,Model Y,Loan,2023-3-15
8Q 7729E,Model S,Loan,2023-10-15
FKR-9060,Model X,Cash,2023-11-20
HQY-8642,Model Y,Loan,2023-4-15
6C 2B1XAU,Model Y,Loan,2023-9-8
77V U08,Model S,Cash,2023-2-2
25-77837,Model S,Cash,2023-12-3
524 EWN,Model S,Cash,2023-10-7
758OU,Model X,Loan,2023-2-20
0GRI697,Model Y,Loan,2023-11-6
958 DMF,Model X,Loan,2023-12-20
461 0190,Model X,Loan,2023-8-22
772ZOC,Model Y,Cash,2023-12-12
3OMF406,Model 3,Loan,2023-11-17
8YDQ 79,Model Y,Cash,2023-10-3
LVU 002,Model X,Cash,2023-1-10
4LI12,Model S,Loan,2023-1-6
FLB 236,Model 3,Loan,2023-4-23
26-UW77,Model 3,Loan,2023-1-4
9-1275D,Model S,Cash,2023-10-20
SIW-5026,Model 3,Loan,2023-5-13
TWW-578,Model S,Loan,2023-9-6
71F 024,Model S,Loan,2023-5-17
DFV-0541,Model Y,Cash,2023-2-3
753787,Model Y,Cash,2023-11-4
TDK0266,Model Y,Cash,2023-10-9
783 WLM,Model X,Cash,2023-2-11
GND H07,Model S,Loan,2023-5-7
002 SQF,Model 3,Loan,2023-8-21
7078 XA,Model 3,Loan,2023-5-15
AL6 W6M,Model S,Cash,2023-5-24
U10 7AG,Model 3,Loan,2023-1-6
LSF 491,Model 3,Cash,2023-12-26
HIU-554,Model 3,Loan,2023-1-1
IPA4698,Model 3,Cash,2023-5-23
ZCZ 617,Model 3,Loan,2023-1-5
F72 9LE,Model 3,Loan,2023-11-11
73B•411,Model 3,Loan,2023-5-1
948 RPM,Model 3,Loan,2023-9-15
932 OAD,Model S,Loan,2023-5-6
UQO 158,Model Y,Loan,2023-9-19
964EDJ,Model X,Cash,2023-5-28
JRG 595,Model S,Loan,2023-11-4
TI8 0351,Model 3,Loan,2023-9-8
728EMF,Model Y,Cash,2023-8-5
707-SQL,Model S,Cash,2023-5-25
9HV7537,Model S,Cash,2023-12-6
ASG 211,Model S,Cash,2023-11-4
7HG5630,Model X,Cash,2023-7-3
6-60904,Model 3,Cash,2023-3-7
091 XP3,Model S,Cash,2023-11-6
812 1YE,Model Y,Loan,2023-9-14
88F M05,Model X,Loan,2023-11-9
PDT5380,Model 3,Cash,2023-9-26
090-YHP,Model S,Cash,2023-1-25
0-42683K,Model X,Loan,2023-11-5
GGE 514,Model S,Cash,2023-3-26
8W I9128,Model S,Cash,2023-5-8
VCD2973,Model S,Cash,2023-12-26
64K 5266,Model X,Loan,2023-5-23
G85 1ZX,Model 3,Loan,2023-5-8
048-WUJ,Model X,Cash,2023-12-7
4-34941I,Model X,Cash,2023-10-3
GIW 411,Model X,Loan,2023-6-8
V 578131,Model S,Cash,2023-7-5
JGE7641,Model X,Cash,2023-7-27
CIT-252,Model S,Loan,2023-6-13
MRT 487,Model 3,Cash,2023-3-28
GY9 P2Q,Model 3,Cash,2023-8-21
RCD 042,Model Y,Loan,2023-7-20
8G688,Model S,Cash,2023-6-21
1I 4815U,Model Y,Cash,2023-5-5
891 JLK,Model Y,Cash,2023-5-22
40UE194,Model S,Cash,2023-6-1
469-TNU,Model S,Loan,2023-1-12
516-PTGW,Model S,Loan,2023-12-3
48-62149,Model Y,Loan,2023-10-17
5PE1802,Model 3,Cash,2023-12-12
569 VWB,Model Y,Loan,2023-7-9
142 JWE,Model S,Cash,2023-2-8
8Q 0641T,Model S,Cash,2023-1-11
016 MUB,Model X,Loan,2023-8-2
H 717223,Model 3,Loan,2023-9-9
GGR7957,Model S,Cash,2023-8-9
YBI 652,Model Y,Loan,2023-2-21
100 2KT,Model 3,Loan,2023-10-16
486-UBK,Model Y,Loan,2023-4-6
301 SVZ,Model 3,Cash,2023-11-25
07C SE0,Model 3,Cash,2023-5-25
PTZ 586,Model 3,Loan,2023-9-16
336 LLO,Model Y,Cash,2023-12-24
OJV-690,Model 3,Cash,2023-8-16
669 EA3,Model 3,Loan,2023-10-5
HZU 264,Model X,Cash,2023-6-15
KPU 929,Model 3,Loan,2023-12-17
XK-6030,Model S,Cash,2023-12-3
9-B2143,Model Y,Loan,2023-11-6
0UB 160,Model Y,Loan,2023-6-8
47E 4156,Model Y,Loan,2023-11-26
W43-73R,Model 3,Loan,2023-5-16
M 791165,Model X,Loan,2023-2-16
8TLA 66,Model X,Loan,2023-7-19
JD-3335,Model X,Loan,2023-10-4
398 ONF,Model S,Cash,2023-9-28
MHF 803,Model X,Loan,2023-9-10
498S,Model S,Cash,2023-10-12
9G BU839,Model S,Cash,2023-1-14
FS-2869,Model Y,Cash,2023-8-4
84-9706B,Model 3,Cash,2023-3-1
XOY C43,Model X,Loan,2023-12-12
LDW 457,Model 3,Loan,2023-7-5
JW 6318,Model X,Loan,2023-7-20
417 QWX,Model X,Loan,2023-6-12
4G 31855,Model S,Cash,2023-9-12
9076 QR,Model X,Cash,2023-7-26
07L 4544,Model Y,Loan,2023-12-6
I79 0EE,Model Y,Loan,2023-9-14
D40-16T,Model 3,Loan,2023-12-21
480 ECU,Model 3,Cash,2023-4-21
OPR-277,Model Y,Loan,2023-9-27
L 596631,Model 3,Loan,2023-6-5
WYS-365,Model X,Cash,2023-9-4
234F,Model 3,Cash,2023-4-20
P40-96P,Model Y,Loan,2023-5-17
ZOT 434,Model S,Cash,2023-3-23
426-SKB,Model X,Loan,2023-6-2
2Z B8281,Model 3,Cash,2023-1-18
LIJ2051,Model Y,Loan,2023-8-22
NSK-621,Model Y,Cash,2023-8-27
91Z 401,Model Y,Loan,2023-5-24
687Q0,Model 3,Loan,2023-4-19
7CP0338,Model S,Loan,2023-2-22
67N•593,Model X,Cash,2023-3-6
23D H44,Model X,Cash,2023-3-16
MGF 474,Model X,Loan,2023-9-25
890-109,Model Y,Loan,2023-1-1
1HY6611,Model S,Loan,2023-7-9
20NB217,Model Y,Cash,2023-7-9
FVI 997,Model Y,Cash,2023-5-18
840-QWL,Model S,Loan,2023-4-26
QEC 7744,Model S,Loan,2023-12-25
193-KOYA,Model Y,Loan,2023-10-18
ZMS-662,Model X,Loan,2023-7-17
47HA241,Model 3,Loan,2023-2-14
Y73-27W,Model Y,Loan,2023-6-3
CVP-483,Model 3,Cash,2023-2-18
0839 WE,Model 3,Loan,2023-8-7
806 DTN,Model S,Cash,2023-3-21
HTL 306,Model 3,Loan,2023-9-1
66HO2,Model Y,Cash,2023-10-2
OCV-7992,Model S,Cash,2023-8-15
0540,Model Y,Cash,2023-12-21
95R 7084,Model X,Loan,2023-7-19
179-GZYL,Model 3,Cash,2023-5-12
C53 7ZB,Model Y,Cash,2023-3-13
DJJ 492,Model Y,Loan,2023-11-16
2MZ14,Model X,Cash,2023-2-18
PTO5065,Model S,Cash,2023-10-3
8ETZ043,Model X,Loan,2023-8-26
450DX,Model X,Loan,2023-9-17
8660,Model 3,Loan,2023-10-19
SRE 488,Model Y,Loan,2023-11-25
405-KGB,Model 3,Loan,2023-1-25
54H Y86,Model S,Loan,2023-4-15
6UF3458,Model 3,Cash,2023-4-24
73-C200,Model Y,Cash,2023-3-22
91W UH3,Model Y,Cash,2023-3-8
XD1 T5W,Model S,Loan,2023-3-12
GXG 896,Model 3,Cash,2023-8-7
8KY84,Model S,Cash,2023-8-11
786-UNAG,Model 3,Loan,2023-7-18
377-RNG,Model S,Cash,2023-4-1
358-ZJT,Model 3,Cash,2023-7-20
4378 SK,Model X,Loan,2023-2-21
497 NVF,Model Y,Loan,2023-2-8
8X T7448,Model Y,Cash,2023-7-6
70-Z647,Model S,Cash,2023-1-13
0MSR193,Model 3,Loan,2023-11-25
Z87 3SW,Model Y,Loan,2023-8-22
RWB-128,Model X,Loan,2023-9-26
78-CG13,Model X,Cash,2023-10-8
WMS 605,Model Y,Loan,2023-2-20
012PW,Model S,Loan,2023-2-18
421-TII,Model X,Loan,2023-3-10
689 CPD,Model S,Loan,2023-7-24
2-F9512,Model X,Loan,2023-10-25
947GTP,Model X,Cash,2023-12-21
22Q 346,Model 3,Loan,2023-4-19
ZUU 701,Model 3,Loan,2023-3-3
514 UK1,Model X,Cash,2023-11-13
568R,Model 3,Cash,2023-5-11
586 VQY,Model 3,Loan,2023-7-13
84-0430E,Model Y,Loan,2023-9-28
294 8CV,Model Y,Cash,2023-1-27
890-BHS,Model S,Cash,2023-3-6
3Y S1066,Model X,Cash,2023-5-12
9OP G23,Model X,Cash,2023-4-13
9GW 926,Model X,Cash,2023-8-5
253P,Model 3,Loan,2023-2-28
3UZW639,Model Y,Loan,2023-12-27
021 FJH,Model 3,Cash,2023-5-9
ZHB 0578,Model S,Loan,2023-6-9
K70-36Y,Model X,Cash,2023-5-14
AG 9177,Model Y,Cash,2023-10-23
1606,Model S,Cash,2023-3-19
6AE 446,Model X,Cash,2023-5-22
725 OAB,Model S,Loan,2023-3-26
291 XIJ,Model S,Cash,2023-2-6
546 KWD,Model 3,Loan,2023-3-4
PUX-6075,Model Y,Loan,2023-3-9
67J 6669,Model S,Loan,2023-6-11
80Y C89,Model 3,Loan,2023-8-3
28-3424J,Model Y,Cash,2023-4-21
XZ4 2409,Model 3,Loan,2023-5-12
56C•506,Model X,Cash,2023-9-26
AFX Y90,Model 3,Cash,2023-9-15
VIP-4993,Model X,Cash,2023-12-3
741726,Model 3,Cash,2023-4-9
660K,Model S,Cash,2023-2-20
NCT-886,Model S,Loan,2023-8-6
7ROF 03,Model 3,Cash,2023-10-9
EEB4511,Model X,Loan,2023-9-25
166 GQB,Model S,Cash,2023-6-28
889 OG1,Model S,Loan,2023-4-5
801B,Model X,Cash,2023-10-11
VZ 6858,Model 3,Loan,2023-2-18
466 9692,Model X,Loan,2023-6-3
3-7254A,Model 3,Loan,2023-12-25
544 6RO,Model S,Loan,2023-7-6
538-951,Model 3,Cash,2023-9-14
IWR 129,Model 3,Cash,2023-5-13
TB 6445,Model X,Loan,2023-1-10
KZL 584,Model X,Loan,2023-9-6
VVQ-8905,Model S,Loan,2023-7-19
75A V36,Model Y,Loan,2023-11-27
C72-44N,Model 3,Loan,2023-5-7
MEL-5549,Model S,Cash,2023-6-24
7083,Model 3,Cash,2023-6-20
624 XFA,Model 3,Loan,2023-10-10
FQL5433,Model Y,Loan,2023-12-23
KBU 661,Model X,Loan,2023-2-24
FC 50758,Model X,Loan,2023-1-3
338 9768,Model X,Loan,2023-10-22
835-LAI,Model Y,Cash,2023-7-11
7-8693P,Model Y,Cash,2023-9-17
516-FAA,Model S,Loan,2023-3-22
774TYK,Model S,Loan,2023-9-17
639-YEB,Model X,Cash,2023-5-22
116 KTK,Model S,Loan,2023-12-21
654XRP,Model X,Cash,2023-12-24
ZP 88973,Model Y,Cash,2023-3-25
BB9 G1N,Model 3,Cash,2023-4-18
9-83241,Model Y,Cash,2023-5-1
56I B70,Model Y,Loan,2023-9-18
1TZ66,Model 3,Cash,2023-11-16
9541 WC,Model 3,Cash,2023-10-27
671 ZRL,Model 3,Loan,2023-8-26
WFE-639,Model 3,Loan,2023-1-20
3H 5T1FMU,Model 3,Cash,2023-6-13
3F883,Model X,Cash,2023-3-14
463 IAO,Model 3,Cash,2023-8-24
9-X1115,Model S,Cash,2023-12-13
07P 331,Model Y,Cash,2023-1-5
75-WO39,Model Y,Cash,2023-5-23
JMS 468,Model Y,Loan,2023-3-20
868855,Model 3,Loan,2023-8-15
L91-25N,Model S,Cash,2023-8-8
0-75929P,Model S,Loan,2023-5-26
63PX763,Model S,Cash,2023-1-1
04X 3805,Model S,Cash,2023-3-4
B 560813,Model S,Loan,2023-5-1
IAU-076,Model 3,Cash,2023-2-3
6898,Model S,Cash,2023-4-3
KLU 258,Model X,Loan,2023-2-22
6CY8535,Model X,Loan,2023-11-25
836-PNJ,Model 3,Cash,2023-9-6
FGP 726,Model 3,Loan,2023-1-9
BZX-9552,Model S,Cash,2023-6-24
251 MSD,Model X,Cash,2023-8-1
NCQ-6858,Model X,Loan,2023-6-28
RE-6621,Model 3,Loan,2023-11-22
Z19-92D,Model 3,Cash,2023-9-7
528 3635,Model 3,Loan,2023-12-15
22Z•987,Model Y,Cash,2023-3-16
HJL 524,Model X,Cash,2023-12-5
705ANC,Model 3,Loan,2023-2-15
747CX,Model Y,Cash,2023-1-17
40-BZ53,Model 3,Loan,2023-8-5
YKE 115,Model S,Loan,2023-3-16
665452,Model Y,Cash,2023-4-4
9-H4007,Model 3,Loan,2023-1-22
791-MFZ,Model 3,Loan,2023-4-8
WVA-2581,Model X,Cash,2023-8-18
IPG 936,Model X,Cash,2023-6-14
5YJ H41,Model X,Cash,2023-4-15
CRA H03,Model Y,Loan,2023-2-1
DXS 5223,Model X,Loan,2023-9-24
973-LAL,Model Y,Loan,2023-8-2
405 VPY,Model S,Loan,2023-11-21
207-972,Model X,Cash,2023-11-23
NPO-1246,Model Y,Loan,2023-10-11
IHW-628,Model S,Cash,2023-4-25
KVR 556,Model X,Loan,2023-4-17
78O•103,Model 3,Cash,2023-6-26
5PL 415,Model X,Loan,2023-8-28
B79-KGX,Model X,Loan,2023-6-14
0O 2L0UYT,Model 3,Cash,2023-2-24
715509,Model 3,Cash,2023-4-20
ZRS 130,Model X,Cash,2023-2-16
540HJS,Model 3,Cash,2023-9-9
HU5 9910,Model X,Loan,2023-3-27
WEG E72,Model X,Loan,2023-8-28
V60-36P,Model X,Cash,2023-9-8
557-527,Model 3,Cash,2023-8-5
CME-8511,Model Y,Loan,2023-11-25
4Z 9U7DXG,Model X,Cash,2023-5-2
222-214,Model S,Cash,2023-4-17
LQS 359,Model S,Cash,2023-1-11
321 DED,Model X,Loan,2023-4-3
580 KID,Model X,Cash,2023-1-11
547 5770,Model 3,Cash,2023-5-3
939 CHU,Model 3,Loan,2023-11-18
MTE 529,Model X,Loan,2023-8-14
MHF 107,Model 3,Cash,2023-8-14
3LT4983,Model Y,Loan,2023-7-24
3X 1329B,Model 3,Cash,2023-11-15
PKY 768,Model Y,Cash,2023-12-7
98-96232,Model S,Cash,2023-8-27
0QK 787,Model X,Loan,2023-3-6
434 0YZ,Model Y,Cash,2023-9-1
9N 2821I,Model S,Cash,2023-5-1
SZT-662,Model X,Loan,2023-12-16
TZO-0572,Model X,Loan,2023-5-8
Z78 8WB,Model 3,Cash,2023-3-3
2RXF815,Model X,Cash,2023-1-13
5DU Y38,Model Y,Cash,2023-1-3
632LW,Model X,Cash,2023-2-21
3D 93141,Model Y,Loan,2023-11-17
439 GGW,Model 3,Cash,2023-1-10
95-3067Q,Model X,Cash,2023-11-11
DJV 552,Model 3,Cash,2023-7-28
02E•776,Model 3,Cash,2023-9-8
8704,Model X,Loan,2023-4-18
085 DGS,Model X,Cash,2023-8-3
306 7MN,Model 3,Cash,2023-4-27
7FY7494,Model X,Cash,2023-2-12
ZVM 699,Model S,Loan,2023-3-25
5PM8369,Model Y,Loan,2023-12-6
IUA 945,Model 3,Loan,2023-5-10
106 CA0,Model X,Loan,2023-9-14
268 6ZN,Model 3,Loan,2023-10-6
751 7ZL,Model S,Cash,2023-1-9
6408,Model 3,Loan,2023-12-11
04S 064,Model 3,Cash,2023-6-17
796YPD,Model Y,Cash,2023-9-5
131 1PF,Model X,Loan,2023-3-20
KJM 767,Model Y,Cash,2023-5-20
OI 3207,Model Y,Cash,2023-10-19
YVB-273,Model S,Cash,2023-1-11
UFB1955,Model S,Loan,2023-9-2
ZRS 812,Model S,Loan,2023-7-17
2-D2174,Model S,Loan,2023-2-14
DBP E78,Model X,Loan,2023-4-15
61BH0,Model 3,Loan,2023-11-18
MIH 231,Model Y,Loan,2023-8-3
296 QYJ,Model X,Loan,2023-7-18
HYN 339,Model S,Cash,2023-12-2
3Q 7O6JTL,Model S,Cash,2023-5-11
89P 948,Model Y,Loan,2023-7-28
V82 7FG,Model S,Loan,2023-3-1
350-ZDU,Model Y,Loan,2023-1-22
QNM 356,Model X,Loan,2023-2-23
6-9654K,Model Y,Loan,2023-3-15
SPM 0334,Model S,Loan,2023-8-26
0-0922C,Model 3,Cash,2023-8-11
9ZP O26,Model S,Cash,2023-7-16
563-CRO,Model Y,Loan,2023-6-12
U45 3QL,Model S,Cash,2023-8-17
595 OOE,Model Y,Cash,2023-7-3
845 WJZ,Model S,Loan,2023-1-5
814-HVH,Model Y,Cash,2023-10-5
ARN 809,Model S,Loan,2023-1-20
OQT P73,Model 3,Loan,2023-12-21
4AK8838,Model Y,Cash,2023-10-6
704 JSS,Model S,Cash,2023-7-20
020-IFF,Model S,Cash,2023-10-1
4ZI7286,Model S,Loan,2023-11-20
996 VWT,Model S,Cash,2023-7-13
MOV 998,Model 3,Cash,2023-9-12
7CWA477,Model 3,Cash,2023-2-6
PEO 840,Model Y,Loan,2023-1-11
3QO 693,Model S,Cash,2023-5-1
946 6700,Model 3,Cash,2023-8-23
NSQ 5250,Model Y,Cash,2023-1-25
8VKA223,Model Y,Loan,2023-3-15
6N078,Model X,Loan,2023-4-25
0FN9629,Model S,Loan,2023-11-19
751 CRE,Model Y,Cash,2023-4-17
FAJ 447,Model Y,Cash,2023-9-20
RA5 Y3F,Model X,Cash,2023-1-23
45L•198,Model 3,Cash,2023-7-17
WD2 I0N,Model 3,Cash,2023-11-12
293 KCF,Model Y,Loan,2023-12-5
GGT-7466,Model X,Cash,2023-3-17
666-802,Model Y,Loan,2023-7-8
929 BVW,Model X,Loan,2023-1-24
9EP5582,Model S,Cash,2023-8-26
332AWP,Model X,Loan,2023-10-14
3GE 909,Model X,Loan,2023-9-28
6G 78295,Model 3,Loan,2023-8-22
ALT 799,Model Y,Cash,2023-3-21
RGD L14,Model 3,Cash,2023-12-27
245 HGX,Model X,Loan,2023-11-18
377C,Model Y,Cash,2023-6-9
GN 9141,Model 3,Loan,2023-3-12
195-381,Model S,Cash,2023-1-1
TU8 Q0T,Model 3,Cash,2023-11-8
USG-7470,Model S,Cash,2023-6-27
5CN 062,Model X,Loan,2023-3-12
2SV 486,Model Y,Cash,2023-10-9
RV 0430,Model Y,Loan,2023-12-18
UFX-7769,Model S,Cash,2023-4-4
4V 0173W,Model X,Loan,2023-10-11
9XR E23,Model 3,Cash,2023-7-16
391 BTD,Model S,Loan,2023-12-8
26-01369,Model X,Loan,2023-4-7
5MZ 722,Model 3,Loan,2023-2-3
GAI N06,Model Y,Cash,2023-6-22
CEP-2793,Model Y,Cash,2023-4-4
377 HYM,Model S,Cash,2023-12-28
088-HAI,Model S,Loan,2023-6-15
964-819,Model 3,Loan,2023-1-24
7TM 597,Model Y,Cash,2023-6-12
TV 77087,Model S,Loan,2023-3-21
XI 9158,Model 3,Cash,2023-3-28
QZJ 008,Model S,Loan,2023-8-10
91O 912,Model S,Loan,2023-10-18
TWO-5216,Model Y,Loan,2023-2-22
482 KCX,Model S,Cash,2023-9-4
3A B0055,Model 3,Cash,2023-3-17
304 KZQ,Model S,Loan,2023-7-15
CIL-1429,Model 3,Loan,2023-3-27
584 LIT,Model Y,Cash,2023-11-9
698-776,Model X,Cash,2023-10-25
0-4471L,Model 3,Cash,2023-10-27
13JT939,Model 3,Loan,2023-6-18
B16 2UV,Model 3,Cash,2023-3-3
9L369,Model S,Cash,2023-3-28
615369,Model S,Cash,2023-4-20
LHR 923,Model S,Loan,2023-3-8
O70 1VN,Model 3,Loan,2023-6-25
952-LZI,Model X,Loan,2023-1-1
21L 7327,Model Y,Loan,2023-11-19
1KD 156,Model Y,Loan,2023-6-26
1A 4749T,Model Y,Cash,2023-9-11
8394,Model X,Cash,2023-9-20
JP 8591,Model X,Loan,2023-11-20
KBW 479,Model 3,Cash,2023-6-18
PHH 774,Model 3,Loan,2023-11-16
JEN 9131,Model S,Loan,2023-8-24
EBM-6783,Model Y,Cash,2023-7-17
NLT-003,Model S,Cash,2023-3-14
000 SKB,Model 3,Cash,2023-9-13
91G U66,Model X,Loan,2023-9-15
8MU3750,Model X,Cash,2023-11-11
ZO2 7961,Model 3,Cash,2023-1-21
106 8647,Model Y,Cash,2023-4-11
422 EZP,Model 3,Cash,2023-10-8
931-HWN,Model X,Loan,2023-12-15
HXD 374,Model S,Cash,2023-7-1
136-QKI,Model 3,Cash,2023-1-6
7944 FH,Model S,Loan,2023-3-18
NWE 799,Model 3,Loan,2023-3-3
FHC-111,Model Y,Loan,2023-11-15
574-704,Model 3,Cash,2023-5-17
TYI-8084,Model Y,Cash,2023-11-7
4-U6291,Model S,Cash,2023-4-11
4-Q9859,Model 3,Loan,2023-7-10
6-K0089,Model Y,Loan,2023-4-17
817I,Model S,Loan,2023-1-25
MVW 314,Model Y,Cash,2023-5-3
52-E693,Model 3,Loan,2023-6-26
472 8QA,Model 3,Cash,2023-12-1
477 3JJ,Model Y,Cash,2023-11-18
93C FD9,Model 3,Cash,2023-3-13
328-CUH,Model Y,Loan,2023-3-13
4-85184,Model 3,Cash,2023-8-20
9JG 807,Model S,Loan,2023-5-10
615 TDH,Model 3,Loan,2023-5-20
897-DMW,Model Y,Loan,2023-11-23
841 ZPA,Model Y,Cash,2023-7-23
2-03964,Model 3,Cash,2023-4-19
2AL4819,Model X,Loan,2023-1-23
OET-8093,Model Y,Loan,2023-2-20
OGD-341,Model 3,Loan,2023-3-28
YAA 004,Model 3,Cash,2023-3-4
136F,Model S,Loan,2023-11-13
3-C8330,Model Y,Cash,2023-2-16
588I6,Model 3,Cash,2023-12-27
9V G0514,Model X,Cash,2023-6-14
249 JSY,Model S,Cash,2023-10-26
276-VURN,Model X,Loan,2023-3-4
TPW-6267,Model X,Cash,2023-3-12
BON 506,Model Y,Cash,2023-3-19
085 8231,Model Y,Loan,2023-2-12
0VY 573,Model 3,Cash,2023-5-23
4-R8517,Model S,Cash,2023-1-20
4603,Model Y,Loan,2023-4-21
7NPC 24,Model 3,Cash,2023-1-10
HVW-9813,Model S,Loan,2023-10-2
759 BMF,Model S,Loan,2023-1-7
0TR G77,Model Y,Cash,2023-4-3
160 YFD,Model X,Loan,2023-3-21
FDT 365,Model 3,Loan,2023-11-26
ZWP 811,Model Y,Loan,2023-10-26
YRQ-8634,Model Y,Loan,2023-3-14
5H 74280,Model Y,Loan,2023-12-20
TST 622,Model X,Loan,2023-11-7
118KX,Model S,Loan,2023-7-11
10-13517,Model X,Loan,2023-11-21
LCR 923,Model S,Cash,2023-1-13
414 8SJ,Model X,Cash,2023-5-12
8-86443K,Model 3,Cash,2023-10-4
356-XNT,Model X,Cash,2023-10-11
VEI-762,Model X,Loan,2023-1-11
FR 6853,Model Y,Loan,2023-1-28
18-21320,Model 3,Cash,2023-11-13
QLM-9600,Model S,Cash,2023-1-9
URH7070,Model X,Cash,2023-11-27
75-WP18,Model 3,Cash,2023-9-9
IXL 272,Model Y,Loan,2023-5-5
QBB 714,Model S,Cash,2023-4-10
728 YSM,Model S,Cash,2023-8-17
8IE1124,Model S,Loan,2023-9-19
122-OLBN,Model X,Loan,2023-2-13
46C 0915,Model X,Loan,2023-9-6
234CKO,Model X,Loan,2023-10-28
624 PGZ,Model X,Cash,2023-2-16
OYF-2076,Model S,Cash,2023-3-24
172-PEO,Model 3,Cash,2023-2-20
V60-ERG,Model 3,Cash,2023-5-26
F04 3RE,Model X,Loan,2023-8-2
411 PHD,Model 3,Cash,2023-7-14
QJ-2173,Model S,Cash,2023-2-28
NUM-764,Model 3,Loan,2023-10-5
JBX-088,Model X,Loan,2023-5-24
40F Y12,Model S,Loan,2023-10-8
ULR5195,Model S,Loan,2023-11-17
641 7522,Model X,Cash,2023-3-10
4LR03,Model Y,Cash,2023-9-20
7E H9223,Model 3,Cash,2023-10-5
578-XWR,Model 3,Loan,2023-7-21
1441,Model 3,Cash,2023-3-23
JFN 487,Model S,Cash,2023-7-1
44-O252,Model Y,Loan,2023-1-11
KCZ 885,Model Y,Cash,2023-8-25
611-893,Model X,Loan,2023-8-9
50LK978,Model Y,Cash,2023-9-28
737 MBW,Model Y,Loan,2023-8-26
2OO 972,Model S,Cash,2023-10-15
2TJ 809,Model Y,Cash,2023-1-19
GCA0441,Model X,Loan,2023-12-24
PSF6655,Model X,Cash,2023-10-12
037 QVF,Model 3,Cash,2023-12-13
F90-EBY,Model Y,Loan,2023-10-13
TEW 9398,Model S,Cash,2023-12-17
030-PJX,Model 3,Cash,2023-4-2
391 TGZ,Model Y,Cash,2023-10-28
73R HW2,Model S,Loan,2023-2-5
OJT V38,Model S,Loan,2023-1-3
927-IOW,Model X,Loan,2023-2-5
OZE-9864,Model X,Loan,2023-7-19
671 GSL,Model 3,Loan,2023-12-2
18BN339,Model X,Loan,2023-3-2
8-95121Z,Model 3,Loan,2023-10-24
645J8,Model X,Loan,2023-9-14
54F•258,Model Y,Loan,2023-8-14
RIF0816,Model 3,Loan,2023-11-22
7G314,Model Y,Cash,2023-10-3
06FG699,Model X,Cash,2023-11-10
KOY 787,Model X,Loan,2023-4-5
93N O86,Model Y,Loan,2023-6-2
LZN-8102,Model 3,Loan,2023-11-11
YC1 3535,Model 3,Cash,2023-2-27
0HW9700,Model X,Cash,2023-1-22
622 MYP,Model 3,Loan,2023-12-12
799 1VJ,Model 3,Loan,2023-11-15
20Y 459,Model Y,Cash,2023-11-22
2SS 768,Model X,Loan,2023-4-12
2FKE 64,Model Y,Cash,2023-7-3
MPP 446,Model Y,Loan,2023-11-25
Y55 8YS,Model X,Loan,2023-9-28
905-HZY,Model Y,Loan,2023-11-18
110-QLC,Model S,Loan,2023-9-20
2-5732A,Model S,Loan,2023-4-16
Z52 6KI,Model X,Loan,2023-8-17
15F•707,Model S,Cash,2023-5-2
6I L2941,Model S,Cash,2023-2-10
V51 5HK,Model 3,Loan,2023-3-7
KBO 119,Model S,Cash,2023-2-7
9467 CP,Model S,Cash,2023-6-8
4978 RZ,Model S,Loan,2023-4-22
14N 9706,Model X,Loan,2023-8-1
LSC 868,Model X,Cash,2023-5-13
AQG 209,Model X,Loan,2023-2-26
93H BZ6,Model 3,Cash,2023-7-9
4-S2209,Model Y,Loan,2023-3-26
XJU-720,Model 3,Loan,2023-9-12
S60 7NE,Model X,Loan,2023-3-16
537 RYV,Model Y,Loan,2023-3-6
Q01 0NR,Model X,Loan,2023-12-9
4M WG354,Model 3,Cash,2023-6-25
K09 0HD,Model Y,Loan,2023-4-28
KDP 434,Model 3,Cash,2023-10-4
8QJE623,Model Y,Loan,2023-5-2
7P151,Model S,Cash,2023-8-26
013-AZP,Model X,Loan,2023-3-11
CH 0778,Model X,Cash,2023-1-24
2R FE037,Model X,Cash,2023-7-28
3-7467R,Model Y,Loan,2023-7-20
OJE 985,Model Y,Cash,2023-5-16
245-WGEP,Model 3,Cash,2023-5-27
025-GES,Model X,Loan,2023-8-9
128 1306,Model X,Loan,2023-12-8
85S Y70,Model Y,Loan,2023-5-26
456-UUY,Model S,Loan,2023-9-16
4ZT D47,Model X,Cash,2023-1-25
2HW 576,Model Y,Loan,2023-2-10
6LB 940,Model 3,Loan,2023-1-8
7-85370D,Model X,Cash,2023-9-27
411 ZQC,Model S,Cash,2023-3-20
207 FEA,Model X,Loan,2023-12-3
WAJ 484,Model X,Loan,2023-6-3
SC-1704,Model 3,Cash,2023-3-12
83-73200,Model S,Loan,2023-7-10
891 AAQ,Model Y,Cash,2023-7-10
092E7,Model X,Loan,2023-7-22
SXO 623,Model 3,Loan,2023-12-20
FYS-6561,Model X,Loan,2023-4-28
844-SVH,Model Y,Cash,2023-1-19
900001,Model Y,Cash,2023-6-6
S73 8DT,Model X,Cash,2023-8-24
71F•462,Model 3,Cash,2023-9-25
358SF,Model S,Loan,2023-4-28
539L9,Model S,Loan,2023-9-27
1BX4473,Model S,Cash,2023-3-19
415-966,Model Y,Cash,2023-12-23
410W,Model 3,Cash,2023-8-10
597 HIG,Model 3,Cash,2023-7-26
H70-55F,Model Y,Loan,2023-8-15
24O F40,Model X,Loan,2023-2-18
MHB 620,Model S,Cash,2023-6-18
698 0HB,Model X,Cash,2023-11-22
405 TMT,Model X,Loan,2023-8-23
986E0,Model S,Cash,2023-2-11
5NZ 782,Model X,Loan,2023-10-18
D 661418,Model X,Loan,2023-10-14
EAN1099,Model Y,Loan,2023-7-24
3635,Model S,Cash,2023-3-13
BNF-5883,Model S,Loan,2023-11-5
9T 6438G,Model X,Loan,2023-4-11
DTH5365,Model X,Cash,2023-12-10
508 PVS,Model Y,Cash,2023-11-14
311-UKPK,Model S,Loan,2023-7-13
ZNH2734,Model Y,Cash,2023-9-27
106 6GB,Model Y,Loan,2023-6-10
KOZ 3396,Model Y,Loan,2023-4-7
105-BNRO,Model Y,Cash,2023-4-10
IFX 860,Model 3,Loan,2023-11-4
KSI 174,Model X,Cash,2023-4-10
SBV 193,Model S,Cash,2023-10-9
848 GUK,Model S,Cash,2023-6-10
45-BB26,Model S,Loan,2023-7-14
42K B25,Model S,Cash,2023-4-16
WF3 3434,Model 3,Loan,2023-2-15
16-WG28,Model 3,Cash,2023-4-23
276 AIV,Model X,Cash,2023-3-18
910 PZZ,Model X,Cash,2023-3-19
7IS 128,Model X,Loan,2023-6-6
BPT-4294,Model S,Cash,2023-6-6
019-513,Model Y,Cash,2023-11-6
3-8251C,Model X,Loan,2023-2-12
593 KKI,Model 3,Loan,2023-8-12
0OSU799,Model S,Cash,2023-9-21
482H7,Model 3,Cash,2023-3-18
8J326,Model 3,Cash,2023-6-16
940-IBD,Model S,Cash,2023-5-2
1HM17,Model S,Loan,2023-3-13
7ZQ R18,Model X,Loan,2023-7-27
LXL 305,Model 3,Loan,2023-2-19
9U 4156Z,Model S,Loan,2023-4-18
092-KND,Model X,Loan,2023-7-5
DFO-8843,Model Y,Loan,2023-8-15
ZDM 418,Model 3,Loan,2023-5-2
ILR9981,Model 3,Cash,2023-8-19
A99 2AF,Model X,Cash,2023-4-10
4M 6191E,Model Y,Cash,2023-6-14
6BU28,Model Y,Loan,2023-6-9
MQE-3530,Model S,Cash,2023-12-22
68O•530,Model 3,Cash,2023-7-20
280 HQP,Model X,Loan,2023-8-3
02-75085,Model 3,Cash,2023-2-7
38W 5525,Model S,Loan,2023-3-5
VFI-160,Model Y,Cash,2023-5-23
295 PB5,Model Y,Cash,2023-11-8
YX-0717,Model 3,Loan,2023-2-6
UJZ-712,Model 3,Cash,2023-4-15
265-SKT,Model S,Cash,2023-8-19
5FZM 88,Model X,Cash,2023-5-11
NAW-5585,Model 3,Cash,2023-10-9
9-B6986,Model X,Loan,2023-5-15
150 MJ5,Model Y,Loan,2023-4-10
ABV3129,Model S,Cash,2023-10-24
DIH-2788,Model 3,Loan,2023-4-14
KWH-7155,Model 3,Cash,2023-4-9
21P ID5,Model 3,Cash,2023-4-13
86RL754,Model X,Loan,2023-6-17
008-VLJ,Model X,Cash,2023-11-27
572-WVV,Model S,Loan,2023-11-11
ZYZ 488,Model S,Cash,2023-8-9
307EFM,Model S,Loan,2023-12-23
GSR 8206,Model Y,Cash,2023-2-28
PD3 D9W,Model S,Cash,2023-10-8
7PW 839,Model 3,Cash,2023-7-23
762-EZB,Model S,Loan,2023-12-7
194G9,Model 3,Loan,2023-7-21
S92 2TA,Model X,Cash,2023-7-12
ANP 447,Model Y,Loan,2023-2-20
UWK-3500,Model S,Cash,2023-8-28
I94 1VA,Model Y,Loan,2023-1-9
1C V2856,Model S,Cash,2023-2-11
G14-41N,Model Y,Cash,2023-10-16
4L F0065,Model 3,Cash,2023-5-13
602 ZEJ,Model Y,Loan,2023-9-3
483-IAW,Model S,Loan,2023-3-21
41-S402,Model X,Loan,2023-3-20
09G W08,Model S,Loan,2023-6-13
SYP 816,Model Y,Loan,2023-8-23
4Q 96164,Model Y,Cash,2023-1-21
RCZ H89,Model 3,Cash,2023-6-17
567-RFSS,Model X,Loan,2023-11-9
LF 75872,Model X,Loan,2023-7-27
788V,Model X,Loan,2023-11-25
31R OD4,Model S,Loan,2023-10-20
I45-28I,Model Y,Cash,2023-7-1
8-6892Y,Model Y,Loan,2023-7-7
79OR9,Model 3,Cash,2023-12-5
710TN,Model X,Cash,2023-8-25
1091,Model S,Cash,2023-12-21
656 1335,Model Y,Loan,2023-1-9
ZLB4178,Model 3,Loan,2023-12-20
MWF 934,Model 3,Loan,2023-10-20
26J 0885,Model 3,Loan,2023-6-12
172 1VS,Model Y,Loan,2023-1-20
N74 5FG,Model Y,Cash,2023-3-27
2N I7042,Model X,Cash,2023-1-22
64-2729D,Model X,Loan,2023-9-21
80C S15,Model 3,Cash,2023-5-7
WQU-690,Model 3,Loan,2023-2-13
SHY 336,Model Y,Loan,2023-1-23
36-TC07,Model X,Loan,2023-4-4
R91 5VB,Model Y,Loan,2023-3-6
23-J438,Model Y,Cash,2023-10-24
935 4FY,Model X,Cash,2023-11-23
J 522479,Model 3,Cash,2023-6-27
AS 5041,Model X,Loan,2023-6-10
GN-9453,Model 3,Cash,2023-7-28
28-E690,Model S,Loan,2023-7-16
0-74909,Model X,Loan,2023-12-22
S55-PMX,Model Y,Cash,2023-12-25
ZBG 299,Model S,Loan,2023-9-7
TT 37645,Model S,Loan,2023-11-28
9-2026W,Model X,Loan,2023-6-1
6-Z6048,Model X,Loan,2023-10-12
628286,Model Y,Loan,2023-6-23
ZTJ 843,Model X,Cash,2023-9-21
MHM 095,Model Y,Loan,2023-3-13
0L859,Model S,Loan,2023-8-25
6-12783N,Model 3,Cash,2023-3-13
TD 48020,Model 3,Loan,2023-2-5
ABY 098,Model 3,Loan,2023-1-23
KAU 740,Model S,Cash,2023-4-27
STV6827,Model Y,Cash,2023-1-11
PK-6624,Model X,Cash,2023-5-13
4-91453,Model 3,Cash,2023-6-12
E 835397,Model X,Cash,2023-6-4
484 UII,Model X,Cash,2023-6-2
HUW 520,Model S,Loan,2023-8-11
CWG 062,Model 3,Loan,2023-11-23
J63 9LP,Model X,Cash,2023-10-12
PRF0330,Model S,Cash,2023-6-3
5V BT283,Model X,Loan,2023-5-19
0T444,Model X,Loan,2023-3-1
021-QLP,Model Y,Cash,2023-10-10
SFY-3842,Model X,Loan,2023-2-17
891-KOC,Model X,Loan,2023-10-8
322-THE,Model 3,Cash,2023-12-20
928-GFD,Model X,Cash,2023-12-12
WZ1 K5I,Model 3,Loan,2023-2-8
M 876030,Model X,Loan,2023-11-14
473-TIU,Model 3,Loan,2023-1-18
3154,Model 3,Cash,2023-12-16
PHC-8201,Model X,Loan,2023-5-12
LCL 449,Model Y,Cash,2023-1-25
8VF 438,Model 3,Cash,2023-10-17
9XZV 47,Model X,Cash,2023-1-8
364 FMF,Model X,Cash,2023-11-7
46F 526,Model 3,Loan,2023-11-10
015 XHL,Model Y,Loan,2023-10-13
805 0OF,Model Y,Cash,2023-6-18
OPR-2732,Model X,Cash,2023-10-21
092 8445,Model S,Cash,2023-12-6
UHK-438,Model S,Cash,2023-5-26
UK 4584,Model X,Cash,2023-12-2
873 AGO,Model Y,Loan,2023-8-25
272-AXZ,Model S,Loan,2023-6-8
3UF7871,Model 3,Cash,2023-9-7
123GC,Model S,Cash,2023-6-7
KIX 428,Model Y,Loan,2023-4-20
170 EYA,Model Y,Loan,2023-4-13
KFJ 929,Model 3,Cash,2023-4-19
151-DKH,Model Y,Loan,2023-7-3
QPS-680,Model Y,Cash,2023-3-26
76N 409,Model S,Cash,2023-4-22
TIF 7247,Model 3,Cash,2023-5-21
49O•333,Model Y,Loan,2023-9-23
I19 4WC,Model S,Loan,2023-3-20
JL-1726,Model X,Loan,2023-4-14
ZII M88,Model 3,Cash,2023-1-21
204 AMN,Model Y,Cash,2023-1-6
954 JGF,Model X,Cash,2023-10-18
180 TTI,Model Y,Loan,2023-1-7
1-H1473,Model X,Cash,2023-4-10
35Z Y45,Model X,Loan,2023-3-24
TP3 M1D,Model Y,Loan,2023-4-6
421-WWE,Model Y,Cash,2023-5-6
79-2389C,Model 3,Loan,2023-1-4
B 164449,Model S,Loan,2023-5-20
713 BCB,Model X,Cash,2023-7-22
7-H2763,Model 3,Loan,2023-10-9
7-8196I,Model S,Loan,2023-3-14
KQZ 705,Model Y,Loan,2023-7-9
527-HLM,Model X,Loan,2023-6-23
672 FGN,Model 3,Loan,2023-9-21
QBC-6726,Model 3,Loan,2023-6-22
CXD 922,Model X,Loan,2023-8-4
D90 3NM,Model Y,Loan,2023-12-11
QMN 925,Model X,Cash,2023-9-8
0S 24058,Model Y,Cash,2023-6-28
557 6BY,Model X,Loan,2023-8-9
WGP 990,Model 3,Loan,2023-12-26
264H,Model 3,Loan,2023-6-21
941-CBX,Model Y,Cash,2023-1-21
UHT 197,Model Y,Cash,2023-9-21
7608 QE,Model X,Loan,2023-3-17
8NV5306,Model S,Cash,2023-8-23
898 4AN,Model S,Loan,2023-8-8
691273,Model Y,Cash,2023-5-19
3RUP334,Model S,Loan,2023-6-2
690-HVI,Model S,Loan,2023-5-10
3DDN718,Model X,Cash,2023-7-1
19X 791,Model X,Cash,2023-3-1
2A 58138,Model 3,Loan,2023-2-5
DC 57269,Model X,Loan,2023-10-11
3820,Model X,Cash,2023-2-27
8NI 036,Model 3,Cash,2023-11-4
233BR,Model S,Cash,2023-7-3
8-28165,Model X,Loan,2023-2-7
53MO375,Model S,Cash,2023-12-18
ZVI 401,Model Y,Cash,2023-8-14
458 8PW,Model 3,Cash,2023-4-20
VXJ T37,Model X,Loan,2023-5-10
662 KLE,Model S,Loan,2023-1-5
3-Q3672,Model X,Cash,2023-10-5
H33-VXF,Model Y,Cash,2023-9-23
614-JHZ,Model S,Loan,2023-10-20
4ZL 302,Model X,Cash,2023-9-2
EEN0654,Model Y,Loan,2023-8-9
708-HHR,Model S,Cash,2023-9-13
SBX 857,Model Y,Loan,2023-1-11
703 8763,Model Y,Loan,2023-10-15
CZL-646,Model S,Loan,2023-8-1
8GQ5214,Model Y,Loan,2023-10-8
913 LWV,Model S,Cash,2023-6-14
AEU 721,Model S,Loan,2023-9-8
JHY 007,Model 3,Cash,2023-7-3
YDL-8401,Model X,Cash,2023-12-8
5C V4442,Model 3,Loan,2023-1-19
905J,Model 3,Cash,2023-6-16
10W P92,Model S,Loan,2023-4-12
JYE-7143,Model X,Loan,2023-9-7
044 CZN,Model X,Cash,2023-5-5
15-8276B,Model X,Loan,2023-5-1
OIV4931,Model X,Cash,2023-3-15
023 PMG,Model Y,Loan,2023-5-27
T65-35A,Model 3,Loan,2023-10-18
0-B2771,Model Y,Loan,2023-2-2
N 186166,Model Y,Loan,2023-9-21
3X 1360A,Model S,Loan,2023-11-26
52-OR58,Model X,Loan,2023-7-10
4-64183P,Model X,Cash,2023-7-13
ZTZ 211,Model 3,Cash,2023-4-20
9G Q6322,Model X,Loan,2023-3-13
HWT 593,Model S,Loan,2023-5-13
O90-URM,Model Y,Loan,2023-12-24
180XAT,Model S,Loan,2023-3-28
96-8521J,Model X,Cash,2023-5-24
4AT65,Model 3,Cash,2023-7-9
827H,Model 3,Cash,2023-5-24
FJF 129,Model Y,Loan,2023-3-22
AMS 442,Model X,Loan,2023-12-13
545-HAE,Model 3,Cash,2023-5-17
LNR 660,Model 3,Cash,2023-10-7
645-OBZ,Model 3,Cash,2023-11-12
637DPO,Model 3,Loan,2023-5-24
VJ 3399,Model S,Loan,2023-1-26
6ND 441,Model S,Cash,2023-3-22
622M,Model X,Cash,2023-9-23
KLV 378,Model X,Loan,2023-8-5
99IG755,Model 3,Loan,2023-6-6
88J•298,Model 3,Cash,2023-9-18
0AT C58,Model X,Cash,2023-2-24
EMW-812,Model X,Loan,2023-4-19
17E JC6,Model Y,Cash,2023-5-20
1PV 397,Model S,Loan,2023-12-16
858AZ,Model Y,Cash,2023-6-16
3VY50,Model S,Loan,2023-3-18
0YMB 61,Model S,Cash,2023-12-5
KAH 971,Model Y,Loan,2023-1-16
375-PYM,Model S,Cash,2023-10-18
922 ST8,Model Y,Cash,2023-9-1
WGD9225,Model S,Cash,2023-1-12
0-98680T,Model X,Cash,2023-11-15
846 TX1,Model Y,Cash,2023-10-1
4-1777M,Model 3,Cash,2023-6-8
55S I80,Model Y,Loan,2023-3-2
LGM 897,Model Y,Loan,2023-8-2
YNB 750,Model S,Loan,2023-9-6
629 ZAT,Model S,Loan,2023-8-17
927PQZ,Model S,Loan,2023-2-16
YWE 9971,Model 3,Loan,2023-9-22
960 LDF,Model X,Cash,2023-7-26
Z 867225,Model Y,Cash,2023-10-14
58Z G40,Model S,Loan,2023-9-20
DRI 592,Model Y,Loan,2023-10-26
XKF 309,Model Y,Cash,2023-4-14
592 JGQ,Model X,Cash,2023-11-10
30-YK86,Model S,Loan,2023-2-19
VF 7348,Model X,Loan,2023-10-17
208222,Model X,Loan,2023-7-18
0-Y3439,Model S,Loan,2023-12-12
47B 157,Model S,Loan,2023-12-7
006 3TH,Model Y,Cash,2023-11-27
OE-7957,Model X,Cash,2023-3-19
248 OFA,Model 3,Loan,2023-3-3
4NV J26,Model S,Loan,2023-8-22
0OA 157,Model X,Cash,2023-6-7
AQ 6189,Model S,Cash,2023-12-7
9PMT600,Model X,Cash,2023-8-17
WAY-964,Model 3,Cash,2023-12-24
RJF-8169,Model S,Cash,2023-10-24
UEZ9238,Model 3,Loan,2023-5-23
096QLX,Model Y,Loan,2023-11-5
TEY 635,Model 3,Cash,2023-6-7
14A PQ3,Model X,Loan,2023-9-4
YZ 3144,Model X,Loan,2023-4-28
MRZ-4378,Model 3,Cash,2023-3-5
NM-0564,Model Y,Cash,2023-11-12
3MMS096,Model 3,Cash,2023-11-24
5WE6308,Model S,Loan,2023-9-17
40LL292,Model Y,Cash,2023-11-24
ZBF 280,Model S,Loan,2023-2-6
857YU,Model Y,Cash,2023-11-11
9U 30777,Model Y,Loan,2023-3-20
0NN3405,Model S,Loan,2023-4-15
583-BKG,Model S,Loan,2023-5-14
AMP 253,Model 3,Loan,2023-7-23
134E,Model 3,Cash,2023-6-4
765-WLHG,Model X,Cash,2023-12-10
QRG 2481,Model S,Loan,2023-5-16
HNG 944,Model Y,Cash,2023-6-20
JAJ 919,Model 3,Loan,2023-6-16
194-HXF,Model S,Loan,2023-1-1
CBS 082,Model 3,Cash,2023-8-28
5EY P29,Model Y,Loan,2023-5-26
VXB5653,Model Y,Cash,2023-1-14
EWL 961,Model S,Cash,2023-10-6
449-UJJ,Model 3,Loan,2023-12-25
747 0YD,Model Y,Cash,2023-1-22
472-PEB,Model Y,Cash,2023-12-28
026-NEZ,Model X,Loan,2023-3-15
669-TIC,Model Y,Cash,2023-8-12
7FQD178,Model S,Cash,2023-12-22
RBY-661,Model 3,Cash,2023-12-1
9D RR110,Model Y,Cash,2023-7-18
704 XRE,Model 3,Cash,2023-4-18
04-60331,Model X,Cash,2023-6-27
74QU3,Model S,Cash,2023-9-17
579 YRY,Model Y,Cash,2023-6-12
MPW 811,Model X,Loan,2023-6-13
514-CETK,Model S,Cash,2023-7-14
666-YXP,Model X,Cash,2023-7-26
955 YFK,Model S,Loan,2023-1-14
0CP Z90,Model 3,Loan,2023-11-22
619MAH,Model Y,Loan,2023-12-21
545 CTQ,Model Y,Cash,2023-10-3
029FQM,Model Y,Loan,2023-3-8
728IJ,Model 3,Loan,2023-10-11
68F•526,Model 3,Cash,2023-7-15
3-V7453,Model S,Cash,2023-2-19
16Z 4324,Model S,Cash,2023-3-3
248PLK,Model S,Loan,2023-10-25
315 DOU,Model X,Cash,2023-1-22
7-D1191,Model Y,Cash,2023-12-5
743-UNH,Model 3,Cash,2023-10-22
128-OMV,Model 3,Cash,2023-10-19
NVH 974,Model S,Cash,2023-5-27
EQY6131,Model S,Cash,2023-5-7
8-5402C,Model 3,Loan,2023-8-24
3708 WG,Model Y,Loan,2023-12-15
93W A53,Model S,Cash,2023-5-2
497 TWE,Model X,Cash,2023-3-22
HAR-9829,Model X,Loan,2023-9-28
YXN 088,Model X,Loan,2023-12-7
6RC 735,Model S,Loan,2023-3-15
1JHN 33,Model Y,Loan,2023-11-16
5E XY630,Model Y,Loan,2023-7-2
6281,Model 3,Loan,2023-5-7
853-LLX,Model S,Cash,2023-5-5
GKV 558,Model Y,Cash,2023-7-1
8472,Model 3,Loan,2023-11-4
7ZC 453,Model X,Loan,2023-2-4
8PB 843,Model X,Cash,2023-8-5
5UV69,Model Y,Cash,2023-5-6
J 140558,Model S,Cash,2023-3-12
YUB-561,Model Y,Cash,2023-9-10
1-37035,Model S,Loan,2023-7-25
1N E7601,Model Y,Loan,2023-1-7
2-78994,Model S,Loan,2023-2-19
C42 3YA,Model X,Cash,2023-9-5
TDT 4694,Model X,Cash,2023-4-14
5BR97,Model X,Cash,2023-10-20
162703,Model S,Cash,2023-9-26
969-JKW,Model 3,Cash,2023-10-13
358 ZN8,Model S,Cash,2023-10-23
991-XXM,Model Y,Cash,2023-9-8
QW-9820,Model Y,Cash,2023-2-25
9U 5820O,Model 3,Cash,2023-4-27
032568,Model X,Loan,2023-4-27
893-RCQ,Model S,Loan,2023-12-22
DEP-2799,Model S,Cash,2023-10-10
IFN 222,Model Y,Cash,2023-7-4
306C6,Model Y,Cash,2023-5-17
438 3OV,Model X,Cash,2023-9-16
QLW-036,Model S,Loan,2023-12-2
KQV 634,Model S,Loan,2023-9-12
JQT-101,Model 3,Loan,2023-10-11
KF-8918,Model X,Loan,2023-2-2
38-78910,Model S,Loan,2023-2-15
YLH 058,Model X,Loan,2023-11-1
WNW 5335,Model S,Loan,2023-1-1
0C X0838,Model X,Loan,2023-9-18
906 GXS,Model 3,Loan,2023-10-2
OOB-870,Model Y,Loan,2023-10-8
19G 809,Model Y,Loan,2023-8-4
SXQ-722,Model S,Cash,2023-11-16
1LV1350,Model X,Loan,2023-2-20
MLR 029,Model X,Loan,2023-11-16
FYM-1733,Model 3,Loan,2023-11-1
207C7,Model 3,Loan,2023-6-14
018E9,Model S,Cash,2023-6-1
981 LK6,Model X,Cash,2023-1-4
HDK 887,Model S,Loan,2023-12-19
6KO5938,Model S,Cash,2023-9-16
JJJ-349,Model 3,Cash,2023-6-8
867 0662,Model Y,Loan,2023-11-27
H19-55H,Model 3,Loan,2023-11-4
XPR 724,Model X,Cash,2023-3-14
LQK 663,Model Y,Cash,2023-10-28
8K 6004J,Model 3,Loan,2023-4-27
591-IWF,Model X,Loan,2023-11-10
466 QNC,Model X,Cash,2023-6-24
236-GFV,Model X,Cash,2023-6-4
372 BXL,Model Y,Cash,2023-4-25
MNH-3843,Model 3,Loan,2023-10-27
083 6EZ,Model S,Loan,2023-7-22
TRS-0367,Model S,Loan,2023-3-11
LAP 631,Model Y,Cash,2023-6-11
1OJ 040,Model S,Cash,2023-10-22
GYS 226,Model Y,Cash,2023-5-18
T09-ZUD,Model S,Loan,2023-2-27
0YR4982,Model S,Loan,2023-4-14
336-VRA,Model X,Loan,2023-8-13
14ZW5,Model S,Cash,2023-1-8
0-2978C,Model 3,Cash,2023-2-3
98Y 3936,Model 3,Loan,2023-5-13
990 6JI,Model Y,Loan,2023-7-4
5W L8955,Model Y,Loan,2023-12-18
BSH-686,Model 3,Loan,2023-10-24
ZKI 610,Model X,Loan,2023-4-4
947 CGZ,Model X,Cash,2023-12-12
43I•399,Model S,Loan,2023-9-15
840 8GQ,Model X,Loan,2023-3-23
KVG 879,Model Y,Cash,2023-11-28
1-97110,Model S,Cash,2023-4-4
188-GWU,Model 3,Loan,2023-11-22
125 JM1,Model S,Cash,2023-9-8
2U642,Model S,Cash,2023-7-27
NWB 653,Model 3,Cash,2023-4-12
L75-16D,Model 3,Cash,2023-3-28
528 JWO,Model 3,Loan,2023-9-11
983-AZS,Model X,Cash,2023-5-28
406R1,Model Y,Cash,2023-10-22
281 NHL,Model Y,Cash,2023-8-9
80PX032,Model X,Cash,2023-10-17
9NH 400,Model 3,Cash,2023-2-28
B84 9DM,Model X,Cash,2023-12-7
86V 6493,Model X,Loan,2023-1-22
438G,Model X,Loan,2023-11-10
IVF 821,Model Y,Loan,2023-6-13
6906,Model X,Loan,2023-4-16
8TH02,Model Y,Loan,2023-12-17
E63-07R,Model 3,Cash,2023-8-28
GTE 704,Model S,Cash,2023-7-16
5ACY827,Model S,Loan,2023-1-12
209-291,Model Y,Loan,2023-6-1
3IP 768,Model Y,Loan,2023-6-24
EZB-044,Model Y,Loan,2023-11-15
GDF6544,Model 3,Loan,2023-10-24
RTC 537,Model X,Loan,2023-4-13
AX 8609,Model Y,Loan,2023-8-17
GQM-280,Model 3,Loan,2023-6-12
CDS-965,Model 3,Loan,2023-1-6
20BU039,Model Y,Loan,2023-1-19
227-KGN,Model S,Cash,2023-5-24
295-YQFC,Model X,Cash,2023-8-4
979-DNB,Model Y,Loan,2023-11-11
KUF 590,Model 3,Loan,2023-10-12
GBH2167,Model X,Cash,2023-12-21
FCH-4190,Model Y,Loan,2023-7-21
445 SBC,Model 3,Cash,2023-4-9
FQR5738,Model S,Cash,2023-12-6
0F NR968,Model X,Loan,2023-1-2
261-VUG,Model 3,Loan,2023-7-17
6U 5J9NYI,Model S,Loan,2023-12-2
F 814710,Model 3,Loan,2023-6-7
X26 0IQ,Model S,Cash,2023-4-1
91M•514,Model 3,Cash,2023-9-28
EGF-486,Model Y,Loan,2023-7-24
PFM 183,Model 3,Cash,2023-12-16
121-KJD,Model S,Cash,2023-12-23
GST 616,Model Y,Loan,2023-9-27
93-B586,Model Y,Loan,2023-10-8
A19 2FS,Model S,Loan,2023-12-27
743-LDQ,Model X,Loan,2023-6-18
2J WB922,Model Y,Loan,2023-3-11
018 ZXK,Model X,Loan,2023-12-9
029 XEH,Model S,Loan,2023-5-24
KHK 827,Model S,Loan,2023-4-22
7HX C46,Model 3,Cash,2023-10-28
9L265,Model S,Cash,2023-10-23
682 ZXD,Model S,Loan,2023-8-27
9-32023,Model S,Loan,2023-8-16
85S W18,Model Y,Loan,2023-5-28
8JN5979,Model Y,Loan,2023-6-25
42-69093,Model X,Loan,2023-8-23
46G G38,Model S,Cash,2023-12-6
E21-99W,Model X,Loan,2023-7-14
QOM-432,Model S,Loan,2023-8-25
EJB-478,Model X,Cash,2023-5-8
3274 CF,Model X,Loan,2023-5-25
3O M1694,Model 3,Cash,2023-3-27
XOB7546,Model 3,Loan,2023-7-1
992 6AM,Model Y,Cash,2023-11-18
UVZ-8121,Model 3,Loan,2023-10-18
5M QN582,Model S,Cash,2023-7-23
YGB-347,Model 3,Loan,2023-4-1
184 CLL,Model S,Loan,2023-3-24
06-67586,Model 3,Loan,2023-3-15
0-56948F,Model X,Loan,2023-11-19
MG 75093,Model 3,Loan,2023-3-24
9X813,Model Y,Loan,2023-2-24
048 CQP,Model S,Loan,2023-5-8
09EV380,Model X,Loan,2023-2-12
Y50-XGM,Model S,Loan,2023-7-16
525BA,Model Y,Loan,2023-11-22
209 HHE,Model Y,Cash,2023-11-9
56C J43,Model Y,Cash,2023-5-14
MWR 107,Model S,Loan,2023-9-1
70J P75,Model S,Cash,2023-6-18
324 ZOQ,Model Y,Cash,2023-12-17
222 UTJ,Model S,Cash,2023-9-18
070-RFG,Model X,Cash,2023-6-11
0ILS517,Model Y,Loan,2023-6-24
46-48860,Model 3,Cash,2023-8-19
71H•632,Model Y,Cash,2023-12-15
266 ZBL,Model Y,Cash,2023-8-11
OEF 549,Model Y,Cash,2023-8-16
Y37 9EI,Model S,Cash,2023-4-11
460-SUD,Model S,Cash,2023-7-16
NML-6571,Model 3,Cash,2023-3-28
9CM1711,Model S,Loan,2023-3-17
161 7DJ,Model X,Cash,2023-8-1
QGE-038,Model X,Loan,2023-4-17
HGC 857,Model 3,Cash,2023-12-10
MJC 017,Model X,Cash,2023-8-8
42T R10,Model Y,Loan,2023-6-2
K00-11C,Model S,Cash,2023-3-8
OMV 375,Model Y,Cash,2023-1-4
679 AQF,Model 3,Loan,2023-3-6
G26 4UP,Model S,Cash,2023-9-13
519-HCI,Model Y,Loan,2023-4-1
KTD6514,Model 3,Loan,2023-6-21
95-5767T,Model X,Cash,2023-4-12
9-2067L,Model S,Cash,2023-12-3
807 2028,Model X,Cash,2023-6-2
ITH-6906,Model S,Cash,2023-10-26
KKU Q97,Model X,Cash,2023-3-4
N47 4WQ,Model Y,Cash,2023-9-14
JQC4670,Model Y,Loan,2023-9-1
XAP 8105,Model 3,Loan,2023-7-5
762 LEE,Model 3,Loan,2023-3-19
423910,Model S,Loan,2023-11-7
0H P0002,Model 3,Loan,2023-5-21
556-AXX,Model X,Cash,2023-1-9
4XAZ 19,Model 3,Loan,2023-9-5
393 DGK,Model S,Cash,2023-12-19
325 9491,Model Y,Cash,2023-7-25
LTA 591,Model 3,Cash,2023-7-8
0-22428,Model S,Cash,2023-4-19
593 NFW,Model X,Loan,2023-2-14
LCV 686,Model X,Cash,2023-4-2
2I453,Model Y,Loan,2023-5-12
LK7 0702,Model X,Cash,2023-9-17
708-FXE,Model X,Loan,2023-10-19
LI-7075,Model X,Cash,2023-3-14
7NL W25,Model S,Cash,2023-3-4
3NR 020,Model Y,Cash,2023-12-8
MBE 184,Model Y,Cash,2023-11-4
PGR 475,Model Y,Cash,2023-2-2
CLW 881,Model 3,Cash,2023-7-7
KLU-0349,Model S,Loan,2023-2-12
3X 9H3GHG,Model 3,Cash,2023-7-14
5AL 662,Model 3,Loan,2023-12-24
N 632453,Model X,Loan,2023-3-1
037 4215,Model Y,Loan,2023-1-14
QEZ J55,Model Y,Cash,2023-9-22
578 KQH,Model 3,Cash,2023-3-8
SJJ-652,Model X,Loan,2023-12-21
37A M33,Model S,Loan,2023-5-6
SPV-878,Model Y,Cash,2023-3-9
08C Y26,Model X,Loan,2023-1-12
BRL 946,Model X,Loan,2023-6-11
ZYF-3801,Model X,Cash,2023-3-13
860U4,Model S,Cash,2023-8-8
1965,Model S,Cash,2023-4-5
989REV,Model X,Loan,2023-7-15
QGC 141,Model Y,Cash,2023-2-2
LSS-2433,Model Y,Cash,2023-2-28
OLG 991,Model X,Loan,2023-6-12
77-67659,Model S,Cash,2023-2-28
189 WPI,Model 3,Cash,2023-5-13
EGG-629,Model S,Loan,2023-2-28
041UC,Model 3,Cash,2023-3-24
569 0VF,Model S,Cash,2023-11-22
241L,Model X,Cash,2023-6-19
832-LZSJ,Model 3,Loan,2023-11-13
MKC-3642,Model X,Loan,2023-1-7
077 TNB,Model S,Cash,2023-8-9
936 SVZ,Model 3,Loan,2023-3-11
70Y XH6,Model Y,Loan,2023-3-28
BKJ 292,Model 3,Cash,2023-4-11
880 XH6,Model X,Loan,2023-3-4
422-ASGT,Model Y,Cash,2023-1-15
8-42166F,Model X,Loan,2023-2-5
CEO 692,Model Y,Loan,2023-11-17
UYE-850,Model 3,Loan,2023-4-8
LPC 444,Model X,Cash,2023-10-4
2PS8223,Model S,Loan,2023-6-10
6L X8338,Model Y,Loan,2023-10-2
3T JG139,Model S,Cash,2023-12-2
90B U42,Model 3,Cash,2023-10-17
799RUG,Model S,Loan,2023-2-20
562 REW,Model X,Loan,2023-3-7
XSH-081,Model S,Cash,2023-9-3
413 PNW,Model X,Cash,2023-2-16
758 ICH,Model S,Cash,2023-7-26
859 1FG,Model X,Cash,2023-7-22
222-RIC,Model S,Cash,2023-9-5
041 9PZ,Model X,Cash,2023-5-7
G73 8LA,Model S,Loan,2023-11-12
8-09648Y,Model S,Cash,2023-8-25
3SU8586,Model Y,Loan,2023-2-25
TWW-2386,Model X,Loan,2023-12-20
2B Q3653,Model Y,Loan,2023-4-14
423 EQX,Model X,Loan,2023-3-1
TA7 7124,Model Y,Loan,2023-5-8
RY6 N6P,Model Y,Cash,2023-12-23
DN6 I5N,Model X,Loan,2023-1-27
874 VVZ,Model Y,Loan,2023-3-25
24-KU74,Model 3,Loan,2023-2-28
67AX1,Model S,Loan,2023-6-4
3JS 103,Model Y,Loan,2023-5-19
987-CSC,Model X,Loan,2023-3-5
MUO 082,Model X,Cash,2023-10-9
MXR-275,Model S,Loan,2023-2-3
8TEN033,Model S,Loan,2023-10-10
16N X23,Model X,Loan,2023-1-1
9-23807P,Model Y,Loan,2023-9-8
477 QLF,Model 3,Loan,2023-4-18
6681,Model S,Loan,2023-11-27
212-729,Model Y,Loan,2023-11-20
TNB9727,Model X,Cash,2023-12-25
EJE-962,Model Y,Loan,2023-10-7
604-BNE,Model X,Cash,2023-7-2
040777,Model 3,Loan,2023-3-12
LIK 312,Model 3,Cash,2023-9-28
ZXK 695,Model S,Cash,2023-7-24
6-6020T,Model Y,Loan,2023-5-21
7AWI 13,Model Y,Cash,2023-12-10
HKS-5365,Model 3,Cash,2023-3-21
042-VHT,Model 3,Cash,2023-5-16
I 168390,Model 3,Loan,2023-2-9
ECU-1580,Model X,Loan,2023-10-10
FEV-375,Model Y,Loan,2023-11-27
LVW 966,Model S,Cash,2023-7-4
PUL 164,Model Y,Loan,2023-5-12
LFB C81,Model Y,Loan,2023-1-25
YRE-735,Model S,Loan,2023-10-22
2OO 571,Model S,Loan,2023-8-22
9158,Model S,Loan,2023-7-22
HLP 094,Model 3,Loan,2023-11-8
899K,Model X,Loan,2023-9-20
293Y,Model X,Cash,2023-6-1
2LS0303,Model S,Loan,2023-7-27
MWB 556,Model X,Cash,2023-4-13
EOO 1243,Model Y,Cash,2023-2-4
PJ-3577,Model 3,Loan,2023-8-2
ZRU 442,Model S,Cash,2023-6-6
7H 5R8TJZ,Model Y,Loan,2023-8-12
60S Q55,Model Y,Loan,2023-9-28
45-17545,Model X,Loan,2023-1-14
457-KAE,Model X,Loan,2023-1-9
4-72202T,Model Y,Cash,2023-3-16
705UJ,Model X,Cash,2023-7-7
HAR6742,Model S,Cash,2023-6-26
SS9 H3X,Model 3,Cash,2023-6-27
773 RWV,Model 3,Loan,2023-8-27
737 FSK,Model Y,Cash,2023-8-20
821-485,Model Y,Cash,2023-7-3
424 8QV,Model S,Cash,2023-2-16
BMQ 115,Model X,Cash,2023-11-7
7-7715V,Model 3,Cash,2023-6-1
OP 44727,Model S,Cash,2023-11-12
VSY1090,Model S,Loan,2023-8-22
27T D91,Model 3,Loan,2023-8-21
095 JUZ,Model 3,Loan,2023-9-22
QT-8363,Model 3,Loan,2023-1-17
26-Q633,Model S,Cash,2023-5-20
GL-9029,Model Y,Loan,2023-1-15
4126,Model 3,Loan,2023-6-26
908-ISPI,Model S,Loan,2023-4-3
953 QEE,Model S,Loan,2023-5-26
945-NLA,Model Y,Loan,2023-2-9
MLO 404,Model 3,Loan,2023-1-2
91-CF87,Model 3,Loan,2023-7-9
4221,Model Y,Cash,2023-9-16
05N 539,Model 3,Loan,2023-12-28
821-IDC,Model 3,Cash,2023-6-8
QKS 840,Model X,Loan,2023-7-4
3C 87010,Model X,Loan,2023-7-10
4800,Model X,Loan,2023-10-6
9WBM 56,Model X,Cash,2023-9-5
313-OLD,Model Y,Cash,2023-2-28
IUI-758,Model S,Loan,2023-5-14
PZ 7260,Model S,Loan,2023-5-21
YIG I37,Model S,Loan,2023-12-14
14UN365,Model X,Cash,2023-10-13
18D 5183,Model Y,Loan,2023-6-17
NXK0082,Model S,Loan,2023-7-15
251 IKX,Model Y,Loan,2023-9-23
SPP-6449,Model X,Cash,2023-10-9
497 UZ7,Model X,Loan,2023-6-27
LZO7930,Model 3,Cash,2023-6-25
3V 74495,Model X,Cash,2023-3-17
74X DU7,Model 3,Loan,2023-5-6
392XI,Model S,Loan,2023-3-4
628 4034,Model Y,Cash,2023-8-22
056 SYQ,Model S,Loan,2023-4-19
865UG,Model Y,Loan,2023-9-22
963ZS,Model X,Cash,2023-9-24
9-01897L,Model S,Loan,2023-12-21
9ZX09,Model Y,Loan,2023-10-15
71-L431,Model 3,Loan,2023-11-23
F 435548,Model Y,Cash,2023-11-18
ZUX 589,Model X,Cash,2023-8-16
799 FHS,Model 3,Cash,2023-3-28
KTP 206,Model X,Cash,2023-2-10
1S BR551,Model 3,Loan,2023-7-16
692 HDA,Model S,Cash,2023-11-15
Y 117384,Model 3,Cash,2023-4-12
WQG-156,Model X,Cash,2023-8-21
5-72691,Model S,Loan,2023-2-26
UWJ 042,Model Y,Loan,2023-8-28
904 JLJ,Model 3,Loan,2023-5-4
3NP 747,Model S,Loan,2023-12-27
IF1 A4A,Model Y,Loan,2023-1-5
32-8204Y,Model S,Loan,2023-9-1
8-39839C,Model X,Loan,2023-7-26
LI0 4765,Model S,Loan,2023-9-18
