account_id,name,city,balance
JGPZGBUW,Katie Pitts,Virginia,40
NSVHGBRE,David Graves,Louisiana,520
FINVGB7O,Daniel Santos,Nevada,880
DNLLGB60,Mr. Matthew Adams Jr.,Virginia,350
IMMXGB1S,Sylvia Thompson,California,980
GNFMGBVO,Pamela Phillips,New York,920
FXOUGBMP,Adrian Nguyen,Nevada,120
GVBIGB2T,Zachary Ford,Washington,420
RPEAGB8Y,Jackie Schaefer,Oklahoma,360
TBZFGB1C,Angela Mccormick,Oklahoma,340
RPLMGBQK,Amanda Reeves,Washington,120
KVVYGBND,Madison Pacheco,California,700
QQFSGBCT,Daniel Stokes,Texas,430
GZQQGBTG,Mathew Ryan,California,520
HRDBGBIQ,Robert Bradley,Virginia,110
HJJGGBEA,Shane Hernandez,Indiana,430
NDKJGBV2,Lauren Hubbard,Nevada,470
ASVSGBIM,Melissa Adams,Oklahoma,70
BIQJGBXL,David Garcia,Texas,340
WSRQGBXM,Peter Mcclure,Indiana,90
QJCEGBXE,Nicholas Hartman,Nevada,170
RKDTGB1M,Michelle Arnold,Nevada,730
BFFKGBCL,Shawn Bernard DDS,Virginia,470
UDEEGB1E,Eric Velazquez,California,580
SKNOGB5U,Patty Walker,Oklahoma,80
EUDIGB8N,Tammy Gibbs,Washington,380
IHFCGBDC,Jason Dean,Virginia,690
FTVWGBDQ,Kyle Clark,Nevada,120
EMLKGB9X,Rebecca Thomas,Nevada,600
BFITGB87,Heidi James,Nevada,230
ZSTHGB3C,Ryan Decker,Indiana,740
WLYJGB5D,Jeff Horton,Virginia,590
IWDMGBS1,Brianna Velazquez,Nevada,340
AMWQGBH0,Samantha Harris,Indiana,190
LNCNGBP5,Brian Flowers,California,710
KFQCGBW9,Alexander Davis,Oklahoma,540
XCMDGBDS,James Wilson,Washington,150
XJXUGB2Q,Renee Howell,Texas,200
UBEIGBL2,Bryan Guzman,Indiana,190
VSQTGBVP,Christopher Brown,California,180
RWSTGBYO,Susan Walker,New York,620
GOUHGB97,Taylor Dixon,Texas,350
ENVLGB21,Nancy Johnson,Washington,910
VXYVGBYC,John Pierce,Louisiana,590
XWREGB1B,Thomas Walter,Oklahoma,560
MSKXGBAL,Jeremy Nelson,Washington,350
EUDMGBM9,Dr. Andrew Brown,Florida,340
WKEOGBA1,Jose Adams,Texas,470
FJGBGBFL,Nathan Cole,Nevada,740
VCRHGBZ9,Francisco Butler,Nevada,90
UXXSGBQO,Catherine Decker,Florida,310
FRWLGBCC,David Martin,California,70
QTGHGB55,Gordon Howard,California,710
RVGMGBLH,Sarah Murphy,Florida,300
YFWKGBDG,Kara Fritz,Virginia,780
UXADGB5T,Ashley Schultz MD,Virginia,720
AHTFGBOP,Chase Freeman,Louisiana,610
PCTDGBJJ,Deborah Navarro,California,690
HVZCGBM6,Ethan Perkins,Virginia,500
QKNCGBZH,Rebecca Parker,Oklahoma,430
DLVXGB7C,John Burton,Nevada,40
VCMPGBYF,Wendy Morris,Virginia,120
JMPDGBCQ,Maxwell Friedman,Oklahoma,980
AXGYGBWZ,Kenneth Harvey,Nevada,350
JMRMGBB3,Andrew Smith,Texas,460
NOHMGBCA,Sean Forbes,Louisiana,870
IRDYGBU0,Shelby Lee,Indiana,400
QFJKGBS7,Wanda Garcia,Florida,230
IUSEGB6G,Brittany Davis,Texas,120
QYJGGBHP,Rebecca Snow,Florida,600
IRKTGBFW,Edward Foley,California,720
NBGNGBCN,Raymond James,Virginia,190
CFKGGBZN,Joel Warren,Indiana,930
UHANGBRZ,Terri Green,California,830
ILZMGBXF,Brian Thomas,Washington,920
SLTQGBTP,Maria Castillo,Indiana,670
RZNQGBJ1,Ashley Mayer,Nevada,910
YHXMGB3I,Catherine Gomez,Texas,940
KIVTGB0U,Alexander Moreno,Oklahoma,960
JPYAGB8A,Angela Ramirez,New York,450
ZTOEGB7V,Joshua Fowler,Oklahoma,380
RAKKGB4J,Angela Sims,New York,120
XLZKGBPH,Curtis Lee,Indiana,520
WQCBGB5O,Scott Daniels,Washington,670
BGZKGBN6,Renee Perez,Florida,310
YCKIGBFH,Robert Duncan,Texas,860
CDCJGBYA,Daniel Mendoza,Nevada,540
WHNOGBRK,Richard Ramsey,Louisiana,710
APSIGBDA,Kevin Peterson,California,40
MQPFGBE2,James Thompson,Nevada,370
TLXTGBNY,Sonya Warner,Nevada,570
ISJWGBJ8,Wendy Hahn,Oklahoma,540
CUBZGBVX,Michael Rodriguez,Louisiana,380
WGMNGBVR,Jimmy Mills,Louisiana,850
MZCTGBO9,Jeffrey Baker,Oklahoma,390
WWKVGBWT,Ryan Gallegos,Florida,310
GRDVGBJR,Courtney Mccullough,Washington,920
GUQDGBMI,Kara Mills,Indiana,470
VYMYGBGO,Pamela Wong,Texas,180
KULJGB4O,Shannon Hill,Nevada,450
JOAZGBNW,Elizabeth Mathews,Florida,620
YGNEGBBE,Antonio Melton,Florida,840
WPHPGBV3,Eric Owens,Nevada,290
SZDAGBXM,Lance Barnes,Oklahoma,830
QXOBGB5I,Michael Johnson,Indiana,470
AVTCGB24,Matthew Munoz,Texas,230
IUBIGBV3,Amy Harris,Virginia,320
AKHCGBD3,Morgan Romero,Texas,570
SLAQGBID,John Blanchard,Nevada,230
NWEQGB0V,Frank Owen,New York,680
XYLUGB28,Caroline Fitzpatrick,New York,720
AQMLGBBN,Pamela Evans,Oklahoma,950
OXZNGBJ3,Rachel Little,Virginia,180
MGJRGB9O,Thomas Lewis,Virginia,250
FNKFGBK1,Kelly Mcguire,Nevada,820
BVNUGB01,Dorothy Bird,Texas,20
GYENGBQ7,Erica Lynn,Louisiana,970
MMJJGBJ5,Courtney Juarez,Virginia,880
YLNKGBVX,Matthew Carrillo,Nevada,870
HSLQGBEG,Brandon Martinez,Washington,430
AQNBGBQ0,Marissa Brown,Texas,750
JGSGGBBD,Timothy Henry,Texas,920
HLZHGBE5,Kevin Riddle,Oklahoma,270
VRXAGBZB,Nancy Buck,New York,720
RQYJGB7N,Felicia Scott,Nevada,870
OYUJGBUL,Mr. William Barnes,Texas,420
MNFDGBJT,Lisa Tucker,Indiana,760
WNKFGB9I,Jennifer Wilson,New York,520
PMHBGB00,Gregory Webb,Florida,340
DNKYGB4V,Peter Golden,Florida,980
UWRGGBYQ,Ashley Schneider,Texas,970
WNGOGB0M,Rhonda Colon,Oklahoma,230
ZAPFGBBK,Alexis Fields,Oklahoma,300
RLKZGBHQ,Elizabeth Smith,Oklahoma,40
RELSGBSB,Jamie Phillips,Louisiana,570
PVLFGBM2,Joseph Horn Jr.,Virginia,120
ETCSGB51,Samantha Wilson,New York,940
BTESGBV0,Michael Burnett,Oklahoma,830
DCRXGBL7,Nathan Gonzalez,Oklahoma,570
OUIVGBX9,Deanna Kelly,Washington,440
TRBFGBMD,Marie Wolf,Virginia,420
ETRMGBWL,David Watkins,Indiana,510
JMMDGBUR,Manuel Stanton,California,550
ERORGBAZ,Thomas White,Oklahoma,730
FXYVGBWO,Michael Wilson,Virginia,950
KARIGBH1,George Johnson,Florida,90
DVVSGBTS,Theresa Cannon,Virginia,600
KRUSGBYV,Sandra Davis,Texas,830
ZEVNGBUR,Stephanie Allison,Washington,420
TNCCGBW5,Melissa Scott,Washington,260
FHKWGBAC,Donald Reyes,Indiana,140
OHJHGB5K,Willie Jennings,Florida,710
INHCGBB7,Sheila Pierce,Indiana,590
ETXLGBX3,Elizabeth Glover,Indiana,20
RFFSGBTF,Laura Ayala,Washington,200
UMXXGB9G,Robert Bentley,Indiana,910
ECXRGBI0,Linda Klein,Louisiana,230
FKIQGBXE,John Larsen,Indiana,610
XTPZGBNT,Donna Rice,Louisiana,50
KGRRGBVQ,Amber Sullivan,Florida,100
VBBSGBG7,Michael Alvarez,California,90
FZQMGBHJ,Travis Lam,Nevada,410
MULAGBS5,Audrey Smith DDS,Texas,860
FFGRGB27,Stephen Campbell,Washington,830
RSBRGB6O,Maurice Hanson,Nevada,70
BIIGGBGQ,David Brown,Louisiana,80
KQEMGB67,Douglas Collier,New York,970
KCRGGBHY,Jeffrey Goodman,Oklahoma,70
FDZWGBKV,Nancy Clark,Louisiana,980
ELAGGB1R,Mrs. Donna Hicks,Florida,530
FRGJGBPL,Erin Salazar,Indiana,460
TDHIGBI2,Edwin Gray,Virginia,390
IOAEGBUN,Vickie Ellis,Virginia,600
MYYBGBTX,Susan Dudley,Texas,610
RXUSGBX1,Jennifer Wood,Florida,830
ZONVGB9V,Pam Klein,Indiana,980
URUUGBT9,Kathleen Huynh,Louisiana,630
OUEBGB27,Tonya Guzman,Oklahoma,280
DVFZGB8C,Laura Buckley,California,630
MZULGBWI,Kathleen Rogers,Virginia,740
ZREBGBAK,Mr. Patrick Bradley,Indiana,240
CVLIGBR4,Steven Mcgee,Indiana,830
REUUGB4Q,Tina Horton,Indiana,940
YFEUGBF6,Wesley Henry,Louisiana,30
KYZHGBPL,Mark Gonzalez,Texas,370
PZDYGBJ1,Keith Brennan,New York,140
UBBGGBZU,Carl Curry,Louisiana,50
YQKJGBPC,Michael Mitchell,Oklahoma,960
ZHVOGBV7,Alexandra Barnett,Texas,270
UMLJGBO9,David Hinton,Louisiana,210
IISDGBNC,Mark Bonilla,Virginia,550
PRROGBI5,Barbara Davis,Louisiana,940
AQVXGB80,Andrea Moore,Virginia,810
GOROGBQN,Billy Lewis,California,580
DAAPGBY0,Michelle Crosby,Washington,840
ZVRAGB35,Patty Taylor,New York,540
STNEGBQ5,Michelle Davis,New York,520
QXNJGBQY,Scott Stevens,Florida,810
DYJLGBZR,Tammy Spencer,Nevada,110
JDERGBKZ,Amy House,Washington,60
FHHXGBZG,Carla Donovan,Florida,550
QIBWGBFG,Joseph Smith,New York,940
AWSNGBZV,Jessica Alvarado,Oklahoma,120
HUVOGBJ6,Kara Walter,New York,370
WTFDGBQK,Justin Miller,Texas,460
VYGUGB6X,Ms. Yvette Nelson,Florida,640
MVIEGB7Y,Kara Garcia,Washington,350
WQPCGB17,Timothy Diaz,California,900
SNYHGBBW,Doris Brown,Texas,580
HDPAGBJT,Richard Mcintosh,Virginia,280
QZRKGBSA,Denise Price,Virginia,810
LEUVGB2J,Jose Davis,Louisiana,430
OJPEGB3H,Erik Phillips,Washington,150
VCNGGBP2,Rachel Mitchell,Virginia,960
HFCPGBK5,Jason King,Florida,550
FYJEGBEF,Claudia Morales,Virginia,600
LTKBGBUL,Jennifer Scott,Oklahoma,860
KDRCGBUG,Amanda Pratt,Louisiana,220
COQCGB0X,Kevin Morse,Oklahoma,260
NZFDGBFO,John Cervantes,Oklahoma,760
GQPPGBD7,Tyrone Cook,Texas,290
HQZEGB1V,Anita Kennedy,Louisiana,830
JRTMGBWJ,John Valdez,Texas,900
OGJVGB6T,Dr. Erika Howard,Louisiana,160
TBTBGB1E,Kelly Edwards,Virginia,30
WIQQGBBU,Julie Farrell,Texas,530
WIFOGB1O,Teresa James,Washington,840
SFQBGBJX,Jacqueline Espinoza,Washington,540
CPESGBXB,Wendy Griffin,Washington,360
GESQGBT6,Ricardo Reed,Virginia,530
OTCFGBTZ,Sarah Hall,Texas,560
VYCFGBCE,Cody Mueller,Florida,890
LUELGBJH,John Anderson,Florida,350
YSOOGBBK,Anthony Clark,Oklahoma,30
BPWPGBS4,Stephanie Peterson,Nevada,410
QOUUGBEY,Mrs. Sharon Ramos,Louisiana,590
NXTQGB98,Lydia Love,Nevada,910
MQNYGBL9,Gail Roman,Washington,260
ZSSAGBPD,Samuel Washington,Texas,380
HPMBGB4O,Edwin Wall,Oklahoma,270
KGOXGBUN,Barbara Smith,Indiana,640
OIGVGBDW,Benjamin Robertson,Texas,170
HAGQGBMR,Douglas Stewart,Nevada,680
NXISGBTB,Bradley Johnson,New York,590
HTVRGBOL,James Hill,Washington,280
MFEUGBQT,Andrew Webster,Texas,950
ASWSGB7P,Beth Hoover,Florida,930
FFIXGB1D,Ana Johnson,Virginia,190
JFPLGBNE,Eric Payne,Florida,700
VSHAGBND,Emily Esparza,Louisiana,740
XNQDGBYW,Jason Davidson,Virginia,180
FTUJGBRF,Gary Wilson,Oklahoma,830
WVUDGBZM,James Vasquez,Louisiana,200
OGFNGBXK,Matthew Nunez,Washington,70
OINFGB2Z,Megan Weaver,Virginia,610
NHZRGBJA,Diana Santana,Florida,60
OCANGBO0,Laura Williams,Washington,400
ULZGGBZ8,Anna Hawkins,Louisiana,240
NEHNGBBY,Nancy Baird,Nevada,340
LMCDGB10,Richard Nguyen,Florida,260
FFOAGBVS,Timothy Bond,Virginia,500
SYTOGBMC,Pamela Henry,New York,180
XEKJGBSJ,Michael Lyons,New York,120
VYRZGB01,Angela Perry,Washington,30
TCTEGBJI,Brent Campbell,Florida,540
EXMUGBLV,Deborah Martinez,New York,360
ORCNGBV7,Kathleen Stewart,Oklahoma,760
OKQCGB0H,Alexander Ware,Virginia,750
WRBNGBK9,Cassandra Cardenas,Virginia,180
RMDFGBXH,Logan Mullins,Nevada,210
HGDKGBKH,Brandy Armstrong,New York,210
DKQGGB5X,Kimberly Hoffman,New York,890
JBUZGBCD,Darren Rice,California,760
XKHHGB7C,Brenda Davis,Oklahoma,960
QCVGGB8E,Jonathan Golden,Louisiana,420
LHHQGBWW,Christian Griffin,California,370
FQBBGB7K,Ashley Jackson,Louisiana,470
SEHHGBKU,Kevin Tran,Louisiana,420
HONCGBA3,Stephanie Brown,Virginia,420
RMEFGBHM,Stephanie Gonzalez,Oklahoma,430
CRZBGBUH,Robin Harvey,Louisiana,420
JBGCGB0Z,Heather Little,Texas,920
IFPKGBY8,Gilbert Wilkerson,New York,60
ZJMUGBL1,Randy Ray,Texas,690
CTKSGBWA,Margaret Wilson,Nevada,410
QEDJGBHE,Steven Murphy,Nevada,710
DIIOGBQP,Thomas Kelly,California,370
BQUWGB3B,Jeremiah Bradley,Washington,650
SUGEGBET,Daisy Lee,Florida,460
TPLHGBC4,Jessica Richards,Nevada,940
KBHGGBSP,Philip Smith,Texas,280
ICEDGB5T,Scott Lopez,New York,950
JEXMGBB6,Julian Bullock,Virginia,130
EQUOGBPY,Crystal Lopez,California,350
XJWBGB6Z,Nancy Jones,Virginia,920
GCUYGBKY,Pamela Myers,Virginia,610
WLFPGBTZ,Brandy Martin,Indiana,640
ZDYFGBYZ,Joshua Velez,California,420
ZAEGGBRV,James King,Louisiana,190
TJLUGB7R,Shawn Summers,Texas,920
QDKNGBH1,Kimberly Cortez,Indiana,940
IDTEGBJQ,William Rodriguez,Washington,770
VJDWGB84,Michael Moreno,Texas,390
HKBYGBZZ,Jennifer Johnson,Florida,210
BLKVGBZV,Teresa Long,Texas,60
ZOEEGBPL,Timothy Moore,New York,500
IPPDGB7V,Heidi Maynard,Louisiana,230
SFPNGBM4,Tommy Patton,New York,580
LPAHGBUI,Brandon Parker,Indiana,710
VCQZGBJ3,Ryan Gonzalez,California,500
XLVUGBMU,Joseph Chandler,Texas,730
KAGRGBJD,Michael Campos,Louisiana,510
PVSMGBSP,Sandra Beasley,Oklahoma,250
TVPHGBYZ,Christopher Wheeler,Washington,120
AJLGGBTH,Charles Mckee,Oklahoma,940
DQCEGBP1,Justin Holland,Texas,430
DEOGGB2V,Gary Marshall,Indiana,880
DPIOGB78,Jennifer Bautista,New York,880
YWPJGBUV,Jessica Perez,Washington,50
GCMRGBY7,Mary Lewis,California,250
GYAXGB28,Ashley Duncan,Washington,240
JPRJGBL4,Cynthia Fuller,California,580
YPZWGB3P,James Farrell,Oklahoma,320
YLFUGBXW,Allison Coleman,New York,990
DYKXGBYU,Shannon Edwards,California,910
TIJOGB3S,Rhonda Wilson,California,870
LACVGBA6,Sean Medina,New York,400
AZLLGB7X,John Lucero,Florida,630
OPDZGBP6,Stephen Melton,Washington,660
JURJGB0H,Benjamin Casey,Louisiana,520
YKGVGBFG,Ann Wilson,New York,530
AOVLGBB7,Pamela Ramirez,Nevada,490
OAMIGBPO,Jordan Owens,Nevada,340
LFJZGBST,Willie Bradshaw,Oklahoma,460
WBWOGBAD,Shannon Davis,Florida,860
EDSLGBUR,Randy Nguyen,California,490
SIHBGBUR,Gary Edwards,Washington,320
UDDAGB8V,Heather Elliott,Louisiana,170
UDEQGBDE,Phillip Smith,Indiana,450
KBTCGBID,Robert Casey,Nevada,150
KTKLGBE5,Charlene Rodriguez,Florida,820
TQWWGB0H,Kerri Alvarado,Texas,730
DDHPGB6M,Nathan Romero,Washington,730
ENPTGBW4,Michael Villegas,Florida,770
MVNOGBE3,Julie Long,Indiana,710
MJBPGBFM,Susan Ruiz,New York,150
YPZOGBMA,Samantha Ward,Nevada,230
KLSYGB9E,Lindsey Baxter,Nevada,490
AJVWGBBX,Rose Murphy,California,590
OCKDGBVH,Tony Aguirre,California,230
LLONGBKW,Megan Mckinney,Virginia,900
XFTFGB9X,Norman Mills,Washington,900
SMCCGBGS,Tina Massey,Florida,440
PRVSGBJY,Ryan Hardin,New York,470
WVFKGB61,Leah Mendoza,New York,570
BTTTGBI9,Briana Gardner,California,670
LEAVGBUB,Jasmine Cooley,Louisiana,840
DJFIGBO4,Melinda Jackson,Washington,530
AUGJGBHK,Gregory Matthews,New York,590
DFJMGB47,Michelle Brown,Oklahoma,530
RXTHGB35,Taylor Price,Oklahoma,220
TRGKGBKJ,Connie Johnston,Florida,330
HFWSGBLI,Maria Campbell,California,820
NFPCGB59,Justin Rich,Texas,740
PRCOGB0O,Brian Rodriguez,Texas,20
YCVDGB3R,Tasha Mcneil,Washington,960
BAEUGBUU,Elizabeth Mack,Nevada,920
CKUTGB2D,Jason Mckay,Oklahoma,560
QAKDGBYT,Susan Booker,Nevada,90
KGRJGBH9,Andrew Bowman,New York,310
YDJXGBZM,Darryl White,Texas,370
WUPSGBCD,Henry Graham,Texas,990
VTRNGB85,Tracy Kemp,Indiana,350
DLSKGBP3,Amanda Brown,Indiana,730
NZOWGB6R,Nathan Williams,Louisiana,420
QTRHGBA4,Karen Harris,Louisiana,810
EMAHGBOB,Sean Hicks,Louisiana,500
QZRQGBNK,Whitney Burton,Nevada,440
IQSFGBYH,Brittany White,Nevada,260
AEPIGB7F,Joseph Pearson,Texas,890
UTIEGBT5,Steven Smith,Virginia,120
BVOXGBKJ,Adam Hall,California,750
ZOTDGBH7,Chelsea Vega,Nevada,500
TYCTGBT3,Rhonda Stevens,Washington,770
QNDNGBCR,Daniel Butler,New York,80
ZZVUGBWN,Amber Johnson,Washington,870
QHXOGB9F,Kara Gonzalez,Washington,840
EJZJGBNU,Johnathan Hensley,Indiana,20
OGYDGB28,Dawn Cortez,Indiana,480
LQVPGBK4,Cody Jones,Oklahoma,280
YZQWGBDS,Brian Orr,Louisiana,470
WXEJGB8A,Bryan Sutton,Texas,650
OPBRGBX2,Dr. Robert Tanner,Nevada,580
QKCDGBTD,Stephanie Clark,Indiana,360
GGALGB0P,Brian Caldwell,Virginia,420
GZOCGBCB,Ashley Mckinney,Indiana,240
VZQHGBV5,Mary Phillips,Louisiana,740
HIHTGB7P,Michelle Clark,New York,580
DVBDGB44,Kayla Castro,California,40
RTYOGB0U,Jeremiah Hughes,New York,340
UOSHGB8G,Marcus Thompson,Virginia,820
EAFZGBTB,Joseph Leach,Nevada,240
RGACGBCZ,Mark Adams,Oklahoma,930
BKVWGBM4,Selena Huynh,Oklahoma,100
EFUIGBST,Nicholas Adams,Texas,170
GBVJGB3J,Peter Scott,Nevada,930
WEAVGB96,Justin Mcdonald,Washington,120
GNZPGBRG,Patrick Jackson,Indiana,350
LWIMGB6W,Sarah Berg,Washington,350
CJDWGBE0,Gregory Sampson,Virginia,250
XFBTGBE5,Andrea King,Virginia,580
PEXPGBBW,Jason Rodriguez,Washington,300
MLPNGBSN,Tiffany Farrell,Oklahoma,970
HAXZGB7W,Jasmine Potter,Oklahoma,720
GWUQGBVP,Amanda Rose,Oklahoma,970
ZEPRGBXU,Teresa Brown,Oklahoma,680
FEBDGBNP,Nicole Long,California,410
JIGAGBJ1,Thomas Murphy,Indiana,80
RMUQGBJ3,Emily Smith,Washington,930
XSLJGBCJ,Katherine Larson,California,950
AZPVGBDP,Christine Logan,New York,70
TBEIGBWI,Kelly Hernandez,Texas,700
EUMBGBSE,Katherine Ward,Louisiana,360
SCCXGB8G,Andre Kelly,California,250
MJSVGBH1,Veronica Jarvis,Florida,130
TTJNGBV3,Teresa Golden,Nevada,970
HTHSGBV6,Michael Christensen,Nevada,930
MZHQGBPL,Douglas Bailey,New York,450
KIWCGBYL,Mrs. Leah English,Virginia,710
KNCYGB2D,Alexander Chen,Louisiana,840
PQQZGBOX,Michael Turner,New York,670
HSHVGBFO,Janet Powers,California,390
CNVVGB0E,John Adams,Indiana,90
ZQJCGBS4,Cody Montes,Washington,160
JYDUGBTV,Lindsay Lewis,Virginia,270
WCXIGBTT,Sharon Carson,Washington,630
TXTYGBN5,James Williams,Virginia,640
QFVSGBOB,Brenda Gonzalez,Nevada,700
RJKAGBZC,Richard Rodriguez,Florida,410
VBDCGBXT,Melissa Robinson,Washington,670
QIPFGB2I,Morgan Brandt,New York,660
FPVPGBB6,Amanda Brewer,New York,720
PHCBGB64,Dominique Phillips,Texas,330
EBBCGBER,Jordan Mccarty,Texas,110
TNNTGBLF,Joshua Ellis,Oklahoma,990
OMFKGBGO,Christian Dunn,Oklahoma,750
TNFOGB3U,John Vazquez,Washington,240
SHEOGBEQ,Julie Hunt,Texas,700
UDLCGBJF,James Ortega,New York,570
WSQMGBTG,Felicia Wagner,California,300
VWVIGBLG,Lynn Strickland,Texas,40
QPOBGBRL,Ernest Wright,Washington,790
EFNIGBX7,Michelle Wong,Indiana,100
TJGZGBFU,Robert Wong,Texas,260
YDPPGBKQ,Katie Roberts,Virginia,940
NKGSGBG0,Natalie Brewer,Indiana,630
TKMWGBH5,Christian Garcia,California,190
GTOPGBDN,Rachel Walton,Virginia,970
SIUAGBJZ,Tyler Green,Oklahoma,720
XENUGBCJ,Don Campbell,New York,810
JSGEGBDV,Amy Williams,Texas,600
NUDJGBT7,Erica Evans,New York,350
YMEDGBZN,Tara Ray,New York,100
NYJZGBA9,Corey Wright,Washington,190
YPBZGB8K,Matthew Marshall,Washington,960
EPOEGBCV,Stephen Phillips,Indiana,420
IFJYGB09,Katelyn Robinson,Virginia,790
PKERGBPS,Stephanie James,New York,660
IPMHGBSI,Jason Johnson,California,120
VYUSGBV2,Stephanie Burns,California,260
TLTYGBJ2,Natalie Rose,Washington,700
TNEOGBXY,Sheryl Erickson,Florida,620
EPIHGBLS,Levi Forbes,Virginia,740
RUYPGB22,Austin Brown,Indiana,770
XFIGGB7U,Robert Johnson,Louisiana,500
ZGUKGBNE,Patricia Little,Washington,130
QVUNGB9B,Stephanie Thompson,New York,440
GZFHGBBX,Daisy Lopez,Oklahoma,490
SFCCGBMD,Kathleen Castillo,Indiana,500
ATIRGB90,Joshua Bailey,Louisiana,610
RHAWGBIN,Jessica Moore,Florida,440
GDEAGB56,Kristie Hardy,Florida,500
TZJFGB8A,John Johnson,Indiana,270
KTLIGBPP,Mrs. Jennifer Martin,Virginia,560
HIAEGBDX,Brooke Bonilla,Virginia,930
EFYNGBTS,Michele Donovan,Oklahoma,30
MIOSGBPX,Tom Fernandez,Nevada,40
YNYQGB63,Willie Schneider,Florida,830
IXESGB3G,Stephanie Smith,Oklahoma,500
JSANGBCH,Steven Gutierrez,California,330
RHZXGBHH,Michael Ross,Washington,170
RRCWGBT6,Robert Booth,Oklahoma,770
EGKBGBC1,Anthony Walters,Florida,740
UMYGGBB9,Robert Howard,Virginia,770
HUAAGBT0,Joshua Reyes,Indiana,950
LQRTGBFH,Sarah Atkins,Virginia,980
ZPZCGB11,Richard Hill,Virginia,230
XMXPGBAO,Eric Lloyd,Nevada,540
WUCFGB5K,Stephanie King,Nevada,840
DCYUGBI4,Jason Hardy,Washington,90
ZZHZGBLJ,Cassie Hodge,Florida,750
DXZUGBSH,Tiffany Beltran,California,410
MJMHGBV7,Bryan Taylor,Washington,120
YGCCGB2F,Kayla Little,Nevada,740
YOAMGBEQ,Scott Alvarez,Florida,550
CCSWGBRG,Jonathan Hodge,Indiana,610
PHGTGB6C,Ashley Rodriguez,Texas,100
MLMVGBVO,Johnny Walter,New York,60
GZIUGB70,Jessica Sharp,Indiana,790
YRWMGBO7,Sharon Bright,Nevada,400
KWOFGBK1,Christopher Ramirez MD,Washington,470
NCAQGBKJ,Kimberly Cross,New York,180
QNPYGBQA,James Kennedy,Texas,620
ZPXSGBJJ,Vincent Johnson,Texas,700
NTONGBAU,Heidi Vargas,Louisiana,100
TMFPGBK3,Bruce Greene,Oklahoma,790
MKSPGB9P,Donna Gregory,California,590
TRGEGBJQ,Christina Duran,Florida,170
VLQIGBS0,Aaron Kennedy,Indiana,770
CLLBGBWC,Marissa Tapia,Virginia,160
MBLBGBQB,Tyler Brown,Indiana,460
RLRYGB1A,Dustin Chan,Indiana,410
DYQHGB2U,Ashley Johns,Virginia,890
KZTQGBUN,Annette Johnson,California,560
BOEXGBZ5,Gabriel Cox,Texas,130
BCJPGBXB,Rachel Pineda,Washington,440
WPMYGBZ1,Brian Weaver,Nevada,120
VDUUGBWT,Robin Sanders,Florida,680
WCVYGBXD,Mrs. Barbara Smith,Texas,600
AHXXGB8I,David Obrien,New York,40
IMIOGBW7,Paul Pollard,Florida,600
VXEVGBBV,Lee Richards,Virginia,980
TIRVGBMA,Richard Kim,Virginia,700
PVSOGBSD,Sara Jenkins,Washington,470
BJZOGBDE,Victoria White,Louisiana,40
EARSGB3X,Danielle Peterson,Virginia,830
CPKCGBAV,Travis Dillon,Louisiana,950
XRZJGBFQ,Ryan Frazier,Indiana,580
AIWFGBWC,Jeffrey Blankenship,Washington,410
QBILGBPS,Nicholas Garza,Oklahoma,720
MGBHGBGU,Cynthia Anderson,Virginia,970
YIMYGB9B,Victor Solis,California,990
OXAFGB08,Michele Hanson,California,620
MGTWGBG3,Chris Osborne,Texas,370
DKGFGBZX,Kristin Herrera,Indiana,950
QYKOGBJW,James Wood,California,930
ATTCGBN7,Francis Thornton,Louisiana,510
DWEQGBQ7,Michael Tran,Washington,610
TXOIGB39,Lindsey Vaughn,California,910
XVQHGBI5,Ms. Emma Fernandez,Oklahoma,640
UPWXGBIP,Charles Roberts,Florida,870
XIIRGBMY,Dawn Rivera,Indiana,460
WSBTGBA4,Madison Jones,California,170
VZZOGB2S,James White,Virginia,140
KNPJGBNX,Caitlin Franklin,Virginia,400
NPAFGBKH,Dr. Olivia Roberson,Texas,650
CZJXGBR6,Dr. William Garcia,Texas,610
WDCBGB3G,Matthew Davidson,Oklahoma,760
HWUXGBW2,Melissa Ferguson,Texas,720
FFIQGBC5,Michael Gomez,California,490
OBUEGBPW,Sierra Davis,Florida,80
SPXCGBAB,Crystal Anderson,Nevada,480
GSMUGBU1,Sheila Brown,Texas,110
PFPVGBPA,Michael Washington,Nevada,100
MVERGBQP,Janice Mcclain,Washington,800
PELFGB5B,Kimberly Vazquez,Florida,760
VSLLGBEV,Morgan Turner,Oklahoma,290
VZFWGBJP,Maria Jones,New York,210
LPMTGB71,Jeremy Black,Oklahoma,330
GQOWGBDA,Eddie Rodriguez,Nevada,430
RTNHGBNL,Mr. Joseph Adkins Jr.,Louisiana,510
APNWGBN6,Jacqueline Taylor,Oklahoma,880
PMYDGB80,Amanda Davis,New York,480
DCUXGB2J,Jason Jordan,Washington,910
CBWWGBSF,Kelly Jones,Texas,130
CKGLGBCI,Kelly Esparza,Virginia,850
HOJVGBTW,Mary Collins,Texas,320
DTOGGBV2,Ryan Chambers,Nevada,960
NHZDGBJW,Stephanie Warren,Nevada,740
ZMBUGBN2,Christina Gomez,Washington,930
KKZVGBCE,Hannah Benson,Florida,240
MWCOGBK1,Martha King,Florida,300
OCDGGBYY,Mary Shields,Virginia,150
BZNIGBGA,Tracey Meyers,New York,400
LNLWGBML,Lauren Wilcox,Florida,860
KNUEGBLI,Joseph Lee,Florida,560
VFLCGBVY,Stanley Thompson,New York,730
FFTOGBXI,Megan Smith,Louisiana,860
TXOVGB2F,Jerry Benton,Florida,940
LIZSGBDB,Charles Buck,Indiana,130
FSPTGBBY,Zachary Scott,Oklahoma,660
LDTBGBMN,Sherry Greer,Louisiana,290
JNIZGBX8,Jennifer Mcguire,Indiana,980
BCHSGBFI,Alexander Nguyen,California,360
GWJNGB4G,Nicole Patterson,Oklahoma,60
LVTQGBKR,Andrea Moss,Washington,240
YMGJGBGP,Patricia Wilkins,New York,750
KXGLGBE0,Alyssa Martinez,Washington,820
VGZYGBRT,Sheila Singleton,Oklahoma,230
EWCBGBGR,Daniel Morrison,Indiana,250
XFWIGBLN,Danielle Roberts,Texas,570
XQRMGB56,Brittany Morales,Oklahoma,970
DQNSGB0F,Tony Mckay,Virginia,460
VDSKGBRO,Ashley Cunningham,Virginia,800
QPSTGBO3,Amanda Rodgers,New York,670
RJAUGB83,Eric Moreno,Florida,480
WGRAGB3V,Zachary Wagner,Indiana,410
CLTXGBDD,James Koch,New York,70
YIRFGBH3,Cynthia Meza,Texas,910
CRHCGBY6,Penny Carey,Washington,40
VJIRGB5S,Meredith Ray,California,150
XZHWGBYI,Rhonda Marks,Nevada,350
VURSGB7K,Jamie Snyder,New York,580
KTOVGB4I,Thomas Blair,California,890
CPMNGBQB,Roy Costa,Texas,40
GMXNGBXN,Joshua Jefferson,Louisiana,360
ICRSGB3B,Lauren Trujillo,Florida,270
ZRVSGB86,Scott Wyatt,New York,810
EATXGBPO,David Hopkins,New York,340
HPIZGBFG,Michael Garrett,Oklahoma,190
PWNIGBSJ,Noah Ochoa,Washington,930
NZPKGBHG,Kyle Owens,Virginia,610
SLONGBXC,Mary Wright,Louisiana,930
KJBMGBIA,Thomas Short,Washington,540
DJLZGBSS,Roger Pearson,Oklahoma,330
CCQTGBKW,Jasmin Perry,Nevada,590
TRPIGBLR,Bethany Mccall,Louisiana,790
NBNQGBP7,Chad Smith,Texas,420
TFVOGBUA,Julie Marshall,Oklahoma,600
UBXRGBXU,Anne Alvarez DVM,Texas,370
UDAOGBAG,Alexa Bauer,Nevada,860
XUOPGBTT,William Lewis,Virginia,850
BYNQGB3D,Troy Patton,Indiana,310
ORDTGBZB,Jason Brown,Louisiana,190
RJROGB2Z,Benjamin Price,Indiana,460
SSTLGBAD,Erika Wilson,Oklahoma,440
VOXIGB35,Dr. Pamela Pacheco,Washington,430
MJPGGBOU,Edward Nguyen,Virginia,490
DLFMGBKH,Chelsea Williams,Louisiana,730
HRFXGB8A,Zoe Bradley,Louisiana,440
AUWMGB1V,Pamela Hernandez,Florida,390
XRYWGBFE,Mr. Mitchell Gomez,Florida,970
GLRMGBH7,Melinda Harmon,Nevada,200
SZEHGBAM,Jo Walker,Nevada,430
DGNSGB12,Dawn Ramirez,California,690
XQTBGBGW,Kendra Harper,Nevada,50
OKFOGBG8,Steve Harris,Nevada,890
SQVCGBJW,Deborah Cochran,Oklahoma,840
YMNVGBBR,Amanda Thomas,Virginia,70
NSXRGBVN,Ashley Todd,Washington,210
BPHOGB3M,Victoria Velasquez,Florida,250
TDCZGBOI,Joseph Weiss,California,720
IGSUGBG4,Andrea Perez,Oklahoma,920
TDHNGBSL,Mary Richardson,Texas,650
GLSMGBY2,Samantha Mcfarland,Florida,360
QHWLGB35,Heather Hess,Indiana,730
FABOGB3U,Paul Jones,Indiana,140
VBBCGBLV,Ashley Harris,Louisiana,830
FCDGGB5A,Ryan Mccormick,Indiana,360
ZVXYGBZU,Nicholas Carson,Virginia,250
GZHSGBFK,Darlene Marsh,Texas,160
WSEPGBJ1,Frederick Lawson,Virginia,970
OZJRGB5N,Kathleen Adams,Nevada,770
AURRGBKI,Michelle Shaffer,Virginia,860
NUUNGB5O,Daniel Barnes,Texas,300
XTDHGBJJ,Regina Wright,Texas,20
RWHHGBGK,Michelle Sawyer,Nevada,100
ICSWGBDW,Randall Irwin,Virginia,710
KIDYGBHT,Mr. Louis Foster,Nevada,910
OGXIGBQF,Mrs. Erin Pacheco,Indiana,870
FSCGGB8P,Sierra White,Indiana,490
JSLRGB91,Angelica Richardson,Florida,800
TRFBGBWF,Thomas Bradford,New York,870
FTIBGB7Q,Scott Young,Texas,120
LGVIGBVJ,Lisa Glover,New York,780
JJNAGBWV,Mr. Terry Friedman,New York,20
WXJQGB03,Eric Schneider,Florida,190
SFYRGBP0,Lee Wade,Florida,780
JQNFGBN5,Michael Glenn,Louisiana,230
FKOFGB50,Jennifer Moore,Virginia,440
CSNCGBK8,Joshua Gardner,Indiana,820
DTGSGBV1,Julie Reese MD,Louisiana,900
YWOWGBXC,Bonnie Hopkins,Indiana,480
YYFHGBK1,Harold Page,Florida,890
BDTQGBX9,Jason Wolfe,Louisiana,230
UDVVGB75,Sharon Erickson,Oklahoma,640
BZOVGBE5,Patrick Shaw,California,720
GSVJGBQZ,Kristy Gonzalez,Indiana,200
YEDNGBR1,Kaylee Meyers,Virginia,570
WVOEGBLF,Stacey Brown,Washington,260
SGGEGBUA,Sylvia Ramsey,New York,310
TWUFGB6Y,Amy Moses,Virginia,150
FBHGGBRJ,Christian Thompson,California,530
YGWAGB2G,Courtney May,Florida,460
GKDYGBXN,Kevin Navarro,Texas,780
SHHVGBLA,Adam Frazier,Florida,100
NCSHGBIL,Julie Moody,Texas,560
HZYSGBRT,Brittany Murray,Louisiana,420
JNLAGBX4,Tammy Jordan,Indiana,710
YVYLGBG4,Janet Roman,Virginia,600
KJVTGBPI,Mario Gibson,Nevada,910
UZVRGBOX,Mr. Timothy Madden MD,Indiana,210
ZJCQGBSL,David Hooper,Texas,320
UGUMGBMI,Christine Mueller,Louisiana,660
PLSNGBWZ,Mark Williams,Washington,250
GSQKGBFI,Ms. Tracy Davis,Louisiana,350
YQCVGBBN,Amanda Miller,New York,190
GPOKGBA4,Dr. Luke Cook MD,Indiana,450
UGKDGBQJ,Cheyenne Davis,Oklahoma,140
XESJGBNO,Ashley Krause,New York,320
CLICGBJ4,Brianna Wright,Texas,920
EBAGGBDQ,Deborah Chaney,California,310
ZRDFGBS1,Christopher Gomez,New York,850
PXSEGBD6,Melissa Stevenson,Louisiana,640
CBSMGBD0,Brian Martin,Nevada,140
OGWUGBZS,Christine Barnes,Virginia,140
AZOIGBV4,Jody Adams,Florida,270
DNVKGB4F,Victor Pham,Indiana,790
IHAUGB2N,Matthew Meyer,Nevada,160
UOLRGBR9,Joel Davis,Texas,430
HUZVGB6J,Rachel Williams,Oklahoma,140
FNHSGBY9,Christine Saunders,Virginia,680
NXBQGBDC,Dr. Denise Gonzalez,Nevada,360
VNPIGB0O,Randy Cooper,Indiana,490
NPJMGBR0,Cindy Andersen,New York,110
QIVNGBRO,Ann Hanson,Nevada,890
WLKFGB0Q,Adam Zamora,Indiana,320
NQJSGB4R,Dana Anderson,New York,420
VSUQGBX1,Joel Sanchez,Washington,270
NLFCGB5N,Dakota Vasquez,California,800
DMNJGBBI,Jason Gardner,Texas,400
VCKUGB4A,Erin Mcdaniel,New York,430
HBGLGBXC,Robert Chambers,Indiana,870
AGLEGBOO,Raymond Richardson,Texas,500
XBILGBDM,Erika Gutierrez,Nevada,740
MYHGGBOM,Stephanie Hudson,Indiana,90
ILKRGBIP,Charles Ortega,Nevada,230
IEAAGBUR,Cheryl Montgomery,Nevada,730
ICWSGBIL,Jessica Faulkner,Oklahoma,100
CRGKGBEW,Jose Wilson,Florida,30
QIUOGBMN,Kelsey Woods,California,700
YWLFGBYJ,Sara Alvarez,Virginia,650
INVUGBRF,Bryan Wilson,Oklahoma,340
INVJGBOK,Dr. Jacob Carlson,Virginia,120
TEKKGB21,Shelley Johnson,Washington,910
UDGPGBYY,Angelica Heath,New York,560
QSDYGB0H,Darlene Wu,Washington,740
XHMLGB0V,Mary Hernandez,Louisiana,380
PHDZGBTF,Sara Mosley,Nevada,560
IIZHGB1L,Michaela Case,New York,610
RNQAGBMK,Elizabeth Rios,California,620
AXVWGB3O,Victor Shaffer,Louisiana,770
MHULGB8W,Daniel Logan,California,120
EIQPGBV9,Christine Williams,Washington,510
KUGFGBIP,Angela Mitchell,Virginia,670
XQGFGB9Q,Kathryn Webster,New York,300
IWGJGBXY,David Greene,Nevada,420
JYMYGB2Q,Jordan Simon,Virginia,480
LCHTGB53,Christina Mckee,Texas,380
MVYTGBUI,Donna Phillips,Oklahoma,580
XMOIGBF1,Jill Fuentes,Florida,820
JDUZGBHH,Brandon White,Texas,880
LJECGB9Y,Lisa Hendricks,New York,620
JLZCGBZX,Ronald Rodriguez,California,510
ONHNGBDK,Sarah Martinez,New York,500
MDJTGBW7,Laura Garcia,Oklahoma,390
PEIMGBAZ,Brittney Gutierrez,New York,990
UYGTGBNI,Lisa Jones,Washington,260
XJTUGBOD,Dr. Jessica Callahan PhD,California,120
GPGSGB5P,Kristina Wilson,Florida,610
SYEHGB7R,Cheryl Wilson,Nevada,730
LCPRGBTQ,Eric Johnson,Virginia,980
XSKUGBNW,James Martin,Texas,340
TJLVGBSH,Grace Strong,New York,740
LEYKGBLB,Roger Carter,California,60
LJQDGBUB,Malik Perez,New York,490
GEMYGB99,Laura Hartman,Oklahoma,850
DOYIGBU0,Scott Perez,Louisiana,730
RBQKGB3A,Whitney Ryan,Nevada,60
FEXQGB6T,Donna Mclaughlin,Virginia,840
AQCMGBXT,Thomas Schultz,Louisiana,920
ODHBGBTG,Connie Larsen,California,940
LVJQGB90,Valerie Rich,New York,580
MDLWGBLX,Stephanie Hayden,Florida,870
THNKGB93,Rachel Christian,Oklahoma,770
OLCPGBGS,Kylie Stokes,Texas,80
UFQFGB7F,Kenneth Thomas,New York,810
GFLIGB5N,Mrs. Debbie Macdonald MD,Texas,240
MBEYGB1D,Jason Chase,Virginia,500
JWZYGBWC,Justin Shaw,California,160
BUAJGB08,Karen Caldwell,Louisiana,750
QKEFGBJI,Matthew Perkins,Washington,370
JRFIGB45,Tammy Jenkins,Nevada,230
MUGYGBHN,Mathew Robinson,Louisiana,780
KYRRGBTB,Judy Lowe,Indiana,300
RVXTGBRR,Dr. Troy Watkins,California,550
CACYGBWI,Gregory Richardson,Indiana,20
AHSWGBYB,Marissa Anderson,Indiana,490
XOOWGBR2,Deborah Morse,Florida,430
SCUTGB9J,Zachary Ramirez,Washington,540
ONFFGBTE,Bradley Strong,Louisiana,20
HEVXGB19,Frances Craig,Washington,460
IMSZGB63,Kellie Perry,Nevada,60
NVHEGB5I,Kelly Holmes,Nevada,380
JNTNGBID,Summer Wood,Louisiana,920
SLPBGBBI,Phillip Savage,New York,670
YKLZGBUF,Loretta Moore,New York,510
EDISGBTY,Destiny Hatfield,California,170
JKPBGB5L,Cassandra Preston,Louisiana,110
MRMQGBGW,Luke Gillespie,New York,540
JCANGBLX,Gabriel Gonzalez,New York,820
ASDZGBTC,Megan White,Texas,130
JFMNGB90,Mark Mcdonald,Washington,260
XLXCGBC5,Mark Barker,Virginia,690
WUEVGBLK,Pamela Mathews,Florida,400
UDQRGBIO,Mr. Robert Johnson,Washington,50
EHJEGBIA,Rachel Bennett MD,Washington,460
CVZYGBDJ,Michael Gray,California,90
DYONGBNI,Rachel Lopez,Nevada,660
PYXLGBCN,Andre Walker,Oklahoma,980
EGGXGBAS,Kelsey Adams,Louisiana,300
WGTVGBKR,Cody Rivera,Nevada,650
STIYGBUD,Sue Stewart DDS,Louisiana,960
LZRJGB78,Lauren Gentry,Washington,900
HKRLGBY8,Kevin Johnson,Indiana,840
VKDYGBOM,Linda Rowe,Louisiana,840
OEKHGB8F,Stacy Lin,New York,770
DFOGGBI3,Brendan Williams,Nevada,60
HSDFGBVY,Katie Bruce,Texas,460
GRVNGB3P,Lisa Grant,Virginia,30
CRNJGB6U,Sean Perry,Indiana,30
RZXWGBHN,Zachary Thomas,Florida,140
VEWAGBJP,Sean Jefferson,Texas,490
PYFGGBBG,Robert Walker,Indiana,140
JDGSGBC9,Patrick Vance,Indiana,390
EQZXGB6E,Darlene Jones,Nevada,70
STHGGBPK,Melissa Clark,Indiana,510
QILVGBMA,Shelley Whitney,Florida,550
FJMQGB7C,Courtney Jones,Florida,780
BOOTGB72,Ms. Lori Phillips,Washington,450
QFUEGBPK,Scott Sims,Nevada,130
GPFMGBFZ,Michael Graves,Oklahoma,250
ZZCXGBM1,Nancy Velasquez,Indiana,30
PKYXGBRS,Edward Morales Jr.,Virginia,250
PLPMGBWV,Linda Decker,Texas,160
YNLVGB95,Jon Lynch,Texas,740
FKSIGB6Z,Charles Walters,Oklahoma,970
TJMOGBFF,Anthony Lewis,Virginia,840
LFYZGB1V,Julie Stewart,Indiana,660
ZBMDGBAD,Jasmine Patel,Virginia,550
VNVAGB0O,Norma Duran,Nevada,40
MKFPGBWJ,Austin Small,Florida,820
PCRCGBYR,Allen Chen,Oklahoma,890
TEAVGBMQ,Donna Diaz,Washington,780
YHSLGBHH,Stephanie Henry,Virginia,620
YYLZGBE6,Gabrielle Burns,Washington,920
OYSHGBMO,Glenn Mcclain,New York,340
FWPCGB9A,Gregory Mckinney,California,490
DALHGBU7,Sara Rhodes,New York,370
MFQWGBL5,Andrea Mack,Nevada,750
LASBGBFM,Benjamin Lopez,Louisiana,550
RBKWGBGA,Jessica Morris,Indiana,190
MYXHGBSA,Kathleen Acosta,Virginia,520
UMMBGBWI,Gene Bruce,California,440
QUWUGBL0,Kimberly Wright,New York,530
XNVWGBBY,Laura Torres,Washington,880
KFMBGBT2,Ryan Gill,Indiana,450
XBIQGB83,Melissa Green,Florida,890
OZMHGBUM,Kenneth Williams,Nevada,800
LFIUGBPK,Gary Moore,Louisiana,250
KECBGBKT,Sonya Flores,California,980
KJPOGBRK,Christopher Tran,Virginia,720
UVQEGB03,Kevin Fields,California,670
SHXUGBLL,Jack Davis,Washington,430
KLAKGBIP,William Franklin,Texas,500
YXEOGBQQ,Alicia Phillips DVM,Nevada,140
HPAUGBVR,Sarah Jimenez,Indiana,30
HHNWGB4F,Steven Ramirez,Oklahoma,520
ZWNLGBFE,Andrea Obrien,California,580
EQHDGB9E,Jeremy Reyes,Florida,970
AWBRGB0G,Brent Pierce,Oklahoma,170
ISTVGBWT,Amanda Key,Indiana,250
FXQUGBU2,Amy Miller,Indiana,270
NNDLGBJ5,Michael Jones,Texas,870
KFHMGBAN,Christy West,Florida,890
YLARGB0G,Kevin Cox,California,150
TDEYGBHO,David Russell,Virginia,760
LMIEGBZ7,Holly Howell,Washington,250
OJOKGBJK,Elizabeth Leon,Texas,130
DVOPGBQC,Mathew Higgins,Washington,940
LEKRGB55,Sharon Lyons MD,California,510
GXHAGB5A,Gerald Anderson,New York,570
WXEMGBD9,Mrs. Sarah Ross,Louisiana,720
JJVAGBR0,Edward Gray,California,60
BPPOGBRI,Jonathan Murray,Washington,230
OKIPGBA5,Elizabeth Gray,Indiana,450
CFWSGBIJ,Leah Harris,New York,360
RNRSGBS9,Dr. Kayla Kelley,Oklahoma,830
VCDYGBE1,Joseph Moss,New York,160
YYOCGB5N,Kristen Franklin,Oklahoma,620
AYCGGBQ3,Ryan Hart,Indiana,200
BNZSGBXY,Ronald Mccormick,Washington,740
LDURGB6H,Jeremy Smith,Oklahoma,710
XCXKGBJ3,Isaiah Cox,California,380
FQCOGBT3,Alicia Johnson,California,950
UJFWGBE8,Edward Taylor,Florida,550
BLIXGBJG,Mary Young,California,110
EWBAGBCL,Paul Bryant,Florida,260
WALNGB3H,Alexandra Cohen,Texas,690
VPJNGBGG,Christopher Norman,California,520
DELJGBUF,Joseph Sanchez,Nevada,660
ZSTGGBOZ,Eugene Martin,Oklahoma,640
ZTRLGBIC,Teresa Estrada,Washington,530
MZXHGBIE,Shannon Curtis,Indiana,240
SAOSGBNV,Douglas Branch,New York,680
AFSIGBMA,Elizabeth Booth,California,520
BFHUGBX4,Alan Hobbs,Washington,490
GVQMGBKO,Larry Faulkner,Texas,440
WUFGGB7K,Alan Petty,Virginia,970
VHWXGB9S,Lisa Guerrero,Florida,780
ULUOGBFY,Kenneth Simmons,Nevada,180
OCOJGBIW,Barry Cruz,Indiana,740
LONMGB7L,Karen Scott,Indiana,940
EIHBGBWS,Hannah Bean,Virginia,530
XNJDGBEJ,Timothy Salinas,Florida,660
FGIIGBY5,Craig Sharp,Washington,120
QYSIGBHG,Micheal Gardner,New York,690
AKPEGB6A,Mark White,Oklahoma,900
LPZBGBZK,Troy Scott,Oklahoma,60
YHHHGBRZ,James Pierce,Washington,570
NEUCGBDC,Wayne Morgan,Oklahoma,170
GYFEGBG1,Joel Moore,Virginia,850
OWSEGB5W,Corey Ward,Florida,50
MDNWGBQY,Thomas Suarez,Indiana,770
CGRJGBMK,Tiffany Foster,Indiana,880
SFWVGBMX,Dustin Young,New York,400
ZYBNGBOI,Chris Rice,Louisiana,730
GBXUGBXG,George Thompson,California,480
IRQLGBNU,Dawn Khan,Louisiana,950
IOZUGBNL,Matthew Hill,New York,240
ITHLGBYE,Victoria Wagner,Washington,260
QRZRGBJV,Casey Mueller,Indiana,90
CQTYGBQ1,Donna Holland,Virginia,500
FEWKGBJH,Sarah Nguyen,New York,130
VVGMGB1E,Mark Campbell,Texas,130
DRFNGBDJ,Todd Jordan,Virginia,670
BAMZGBVJ,Julie Ryan,Louisiana,510
RNDBGB5R,Yolanda Harris,Texas,570
FOJWGBC2,Elizabeth Richmond,New York,590
GEZRGBNR,Courtney Simmons,Louisiana,930
WNBWGBIT,James Mitchell,Texas,970
VJPIGBMB,Gregory Rodriguez,Louisiana,790
WYYDGBMH,Nicholas Lopez,Nevada,90
ZOZFGB7A,Anthony Miller,Washington,880
DZSCGBRC,Whitney White,Indiana,30
MDOGGB7X,Patricia Harmon,California,510
JSKCGBUX,Michael Estrada,Nevada,350
ALPAGB5G,Cassie Gonzales,California,970
GYMXGBFF,Bruce Smith,Louisiana,660
PYRGGB3Q,Charles Smith,Virginia,180
QIWLGB04,Dr. Bradley Weaver,Louisiana,640
HRZUGB9O,Lee Miller,Florida,510
MAVDGBEE,Albert Fields,Oklahoma,860
SJFAGBO4,Dr. Tiffany Charles,Louisiana,680
GCIGGBDZ,Brady Higgins,New York,480
BIKBGBAG,Samuel Combs,Texas,980
LQOUGBQR,Margaret Ruiz,Louisiana,920
NFULGBJT,Samuel Mccormick,Washington,670
BVSZGBBZ,Mary Stevens,Oklahoma,130
AFBMGB5U,Kerry Bruce,Nevada,380
DMNVGBW8,Susan Cooper,Washington,310
THGVGBRX,Melissa Brown,Texas,130
NNXUGB4Z,Kimberly Hudson,Texas,380
OUXFGBIU,Eric Wyatt,California,970
UTLRGBP3,Brittany Mayo,Louisiana,990
GYVGGBRA,Lisa Gray,Nevada,250
QISAGBI1,Tony Jacobs,Louisiana,690
RWCXGBAX,Julie Garcia,Oklahoma,80
NUMHGBP6,Daniel Lee,Florida,230
EAYWGBPN,Chad Farrell,Louisiana,930
DDZPGBMP,Brittany Lewis,Louisiana,270
HMUBGBBM,Timothy Andrews,Virginia,840
NUGFGBQ0,Kevin Hayes,Virginia,80
MYDHGBVP,Miss Katrina Vaughn,Oklahoma,270
XMEDGBIZ,Katherine Fuentes,Virginia,560
OYQMGBZQ,Matthew Griffith,Virginia,690
LMTDGBCU,Justin Collins,Indiana,530
GMBEGBFZ,Michael Smith,Washington,30
FGEBGBVW,Amber Garcia,Louisiana,930
UANJGB3T,Stephanie Greer,California,730
GUOGGBIB,Mark Thompson,Texas,580
MRFBGB70,Cynthia Mata,Indiana,190
HUCJGBYT,Timothy Roberts,Florida,290
JTRKGBK2,Denise Peck,California,630
JCSWGBVD,Brian Key,Washington,820
HDUHGBRP,Nicholas Campos,Washington,680
WFDSGB04,Thomas Cruz,Virginia,910
CHBLGBKH,Paul Carter,Indiana,220
ZWSLGBFT,David Ball,Virginia,180
ICOTGBRJ,Monica Gonzalez,Texas,160
