Youtuber_id,Youtuber,subscribers,video views,category,started
0,Joshua Small,14000,110375,Gaming,2010
1,Alicia Elliott,36100,400248,Gaming,2014
2,Dustin Day,31500,132279,People & Blogs,2013
3,Cynthia Mitchell,42300,71834,Education,2014
4,Javier Patterson,57700,473339,People & Blogs,2011
5,Bryan Davis,44900,228606,People & Blogs,2018
6,Margaret Baker,76000,406673,Howto & Style,2016
7,Martin Rosales,49200,370333,Education,2012
8,Gail Parsons,65900,288567,Music,2019
9,Danielle Herrera,34900,207334,Howto & Style,2015
10,Amber Thompson,33300,17399,Education,2019
11,Devin Burton,20600,384674,Film & Animation,2011
12,Nicholas Spence,85200,412140,Music,2019
13,Anna Brennan,97200,305802,People & Blogs,2014
14,Lisa Roth,81100,344478,Sports,2010
15,James Williams,23900,216200,Education,2013
16,Todd Jackson,78600,174206,Gaming,2015
17,Emily Cook,64000,248028,Entertainment,2019
18,Douglas Carpenter,8800,149917,Sports,2012
19,Stephen Rodriguez,86800,214819,Film & Animation,2017
20,Cheryl Potts,74300,457310,People & Blogs,2016
21,Bryce Hernandez,10400,133380,Entertainment,2010
22,Michelle Brown MD,68200,86652,Film & Animation,2013
23,Mike Wilson,96800,312645,Gaming,2013
24,Frances Bailey,38200,43680,Music,2015
25,Matthew Lynch,85600,398285,Howto & Style,2012
26,Whitney Melton,60300,250624,Sports,2019
27,Michael Ball,11000,35143,Howto & Style,2011
28,Deanna Stevenson,67400,364880,Shows,2018
29,Melissa James,11800,222908,Entertainment,2016
30,Evan Hudson,53200,106066,People & Blogs,2014
31,Teresa Morrison,7700,161095,Education,2017
32,Dr. Alejandra Bishop DVM,53000,263909,Music,2011
33,Roger Lee,99800,49040,Gaming,2011
34,Brett Gordon,40700,436287,Film & Animation,2015
35,Amanda Morton,17100,487685,Howto & Style,2018
36,Edward Simmons,33100,440809,Gaming,2013
37,Christina Fisher,16400,249924,Howto & Style,2018
38,Kevin Thomas,73700,60813,Sports,2017
39,Don Payne,69100,384235,Music,2017
40,Jennifer Rodriguez,61200,333121,Entertainment,2016
41,Robert Thomas,4500,396364,People & Blogs,2014
42,Katie Brown,68800,46786,Shows,2013
43,Larry Sandoval,96000,407462,Shows,2015
44,Thomas Kennedy,52700,445532,Howto & Style,2019
45,Krista Richards,98900,195702,Shows,2013
46,Alicia Gillespie,38200,347330,Shows,2013
47,Charles Sullivan,46100,468666,Gaming,2012
48,Amy Silva,97400,60667,Education,2019
49,Shane Thomas,37100,201502,Howto & Style,2014
50,Jessica Flores,8000,230334,Entertainment,2015
51,Nicholas Sandoval,30800,281868,Shows,2011
52,Megan Hernandez,16500,109268,Music,2011
53,Kristine Cervantes,78300,195403,Film & Animation,2013
54,Ryan Baker,99100,299517,Music,2018
55,Jennifer Powell,71800,274991,Shows,2015
56,Jacob Kim,9200,299167,Sports,2010
57,Jeremy Ruiz,42900,473144,Sports,2018
58,Chelsea Bradford,32500,240137,Education,2012
59,Donna Tanner,70600,209894,Shows,2017
60,Carl Ferguson,87600,318554,Shows,2012
61,Jenna Velasquez,49300,102171,Gaming,2013
62,Patrick Wheeler,6400,497686,Howto & Style,2017
63,Gregory Smith,33600,203496,People & Blogs,2011
64,Michelle Ellis,5900,37758,Howto & Style,2016
65,Shelby Garza,79200,317847,People & Blogs,2014
66,Michelle Paul,89800,11884,Shows,2014
67,Jaime Ford,74500,226581,Music,2015
68,Kristi Rodriguez,44900,389974,Education,2018
69,Courtney Tapia,91300,350617,Howto & Style,2015
70,Matthew Fernandez,95100,305191,Shows,2014
71,Michael Spears,8600,488422,Gaming,2016
72,Randall Duncan,50700,135969,Entertainment,2011
73,Danielle Sherman,9600,159852,Howto & Style,2010
74,Elizabeth Dawson,78500,56294,Shows,2018
75,Kathleen Velez,87700,480363,Education,2011
76,Anna Short,9700,333878,People & Blogs,2013
77,Marissa Eaton,64000,438717,Gaming,2019
78,Michael Hood,78600,317281,Gaming,2016
79,Kristina Reed,84500,46145,Music,2017
80,Kelly Jordan,11300,326722,Education,2016
81,Mary Barton,81200,178210,Gaming,2012
82,Steven Bauer,81000,399260,Gaming,2017
83,Albert Flowers,75700,457420,Education,2018
84,Robert Torres,21500,449871,Sports,2014
85,Lisa Miller MD,28900,202117,Gaming,2015
86,Gabriel Hughes,15800,382683,People & Blogs,2010
87,Jamie Rosario,48100,453162,Howto & Style,2010
88,Jill Martin,31700,31566,Howto & Style,2019
89,Stephanie Cook,42000,360585,Education,2014
90,Jacqueline Cummings,25400,342623,Music,2014
91,Henry Johnson,53400,68452,Entertainment,2018
92,Mike Shaw,7900,115196,Film & Animation,2011
93,Samantha Walker,70600,442576,Howto & Style,2010
94,Whitney Bradley,78900,457086,People & Blogs,2015
95,Michelle Garcia,96200,368656,Music,2013
96,Marcia Mcclure,80200,145612,People & Blogs,2019
97,Paul Howard,91500,25884,Howto & Style,2012
98,Katherine Smith,97800,363394,Entertainment,2013
99,Donald Haynes,71100,26120,Sports,2013
100,Sarah Rodriguez,30300,253706,Gaming,2010
101,Michael Smith,66500,293355,Music,2013
102,Douglas Chavez,2500,251283,Education,2018
103,Paul Mckenzie,85500,209322,Gaming,2015
104,David Rich,14300,19650,Sports,2019
105,Jon Cunningham,53900,72069,Education,2013
106,Mr. Michael Watts,78400,417845,Gaming,2018
107,Crystal Olson,96400,105650,Gaming,2012
108,Kristin Woods,61300,229487,People & Blogs,2015
109,Alyssa Johnson,43700,308266,Gaming,2018
110,Mark Lee,64100,279820,Gaming,2015
111,Travis Floyd,47100,237618,Gaming,2017
112,Charles Hoffman,45000,314387,Film & Animation,2013
113,Barbara Baker,44700,287039,Music,2013
114,Jorge Leach,37600,320959,Shows,2014
115,Cassidy Anderson,16400,435130,Entertainment,2011
116,Brian Moon,20900,152874,Howto & Style,2013
117,Tonya Chan,57700,93581,People & Blogs,2013
118,Kimberly Le,91900,350233,Education,2015
119,Wesley Trevino,47600,174122,Film & Animation,2019
120,Amanda Graves,94400,168193,People & Blogs,2019
121,Corey Silva,43500,313688,Film & Animation,2012
122,Dr. Christine Brooks,16700,235927,People & Blogs,2017
123,Sharon Wilson,77500,303700,Music,2012
124,Kathleen Fernandez,2200,24162,Howto & Style,2019
125,Russell Washington,81700,369034,Entertainment,2015
126,Holly Fox,2700,288446,Film & Animation,2012
127,Michael Bray,85700,324680,Gaming,2014
128,Adam Wilson,26000,474928,Entertainment,2018
129,Nancy Holden,58400,357983,Sports,2019
130,Tammy Morris,30700,44811,Shows,2019
131,Ricky White,25000,123065,Shows,2014
132,Anthony Jones,35400,360606,Film & Animation,2016
133,Stephen Young,49100,448828,Education,2019
134,Maria Johnson,15700,80101,Howto & Style,2015
135,Megan Alvarez,42500,482532,Shows,2017
136,Charles Hamilton,46600,249287,Shows,2018
137,Theresa Morris,49500,293290,Education,2017
138,Kyle Newton,75400,219327,People & Blogs,2016
139,Mrs. Julie Tran,66700,438901,Gaming,2014
140,Robert Mccoy,22600,138036,Music,2016
141,Michele Odonnell,99600,490648,Education,2011
142,Stephanie Jackson,80200,388029,Education,2012
143,Alejandro Castro,88200,358437,Gaming,2013
144,Mr. Kenneth Howard,74800,108915,Education,2019
145,Rachel Callahan,59800,22256,Howto & Style,2013
146,Sandra Carter,21600,336666,Sports,2012
147,Leslie Zavala,10500,453371,People & Blogs,2014
148,Andrew Yates,69400,265175,Film & Animation,2017
149,Dana Moody,55800,126731,Gaming,2010
150,Xavier Owen,25500,417410,Howto & Style,2011
151,Tina Barrett,32600,31204,People & Blogs,2016
152,Bonnie Robinson,76600,144085,Gaming,2011
153,Kelly Martinez,80200,57937,Entertainment,2013
154,Jessica Brown,90800,469259,Sports,2013
155,Justin Duarte,79200,473640,Gaming,2018
156,Willie Phillips,51700,425912,Gaming,2012
157,David Rivers,39800,16267,Sports,2017
158,Stacy Cunningham,7600,259013,Gaming,2010
159,Joseph Zimmerman,46300,339625,Sports,2014
160,Karen Wright,75100,384400,Gaming,2019
161,Stephen Stewart,21600,449888,Music,2016
162,Nicholas Cook,79700,167717,Gaming,2017
163,Mrs. Heidi Fisher MD,91100,180784,Gaming,2011
164,Terry Clark,70200,496347,People & Blogs,2012
165,Heather Thompson,9400,35894,Education,2010
166,Joseph Torres DDS,30100,109142,Gaming,2012
167,Barbara Nelson,87400,470007,Education,2017
168,Dr. Jonathan Miles,76500,37373,Sports,2017
169,Amy Adkins,76300,484077,Film & Animation,2018
170,Katrina Hanna,1900,320212,People & Blogs,2016
171,Nathan Russell,59000,273666,Entertainment,2013
172,Nicholas Reid,7700,481031,Howto & Style,2012
173,Monica Brock,39000,159685,Film & Animation,2019
174,Latoya King,15600,274869,Howto & Style,2019
175,Shelby Burgess,80100,154159,Shows,2015
176,Dustin Hall,17900,431710,Music,2014
177,Mr. Brian Lester,18900,320073,Education,2016
178,John Dawson,65000,344669,Entertainment,2015
179,James Steele,35800,219077,Howto & Style,2010
180,Donald Zimmerman,19000,408961,People & Blogs,2019
181,Kathryn Chapman,15600,267752,Music,2012
182,Anne Hernandez,48300,352124,Film & Animation,2019
183,Patrick Townsend,80000,140439,Sports,2013
184,Leslie Robertson,14000,112140,People & Blogs,2017
185,Carlos Vazquez,56900,345121,Howto & Style,2016
186,Michelle Robinson,77900,134141,Education,2016
187,James Nguyen,35600,238387,Film & Animation,2010
188,Mary Clark,44300,308512,Howto & Style,2014
189,Alan Martin,49500,73465,Film & Animation,2010
190,Anthony Harmon,28100,12088,Howto & Style,2019
191,Rachel Reeves,15000,73625,Film & Animation,2012
192,Rebecca Foster,3200,168377,Howto & Style,2018
193,Michelle Martinez,27700,187692,Gaming,2012
194,William Carroll,91400,258644,Education,2019
195,Michael Holland,49800,225196,Shows,2010
196,Robert Chaney,68700,244219,Music,2017
197,Randy Callahan,60000,36410,Education,2011
198,Melanie Walters,15500,326246,Howto & Style,2018
199,Marcus Austin,8000,290787,Entertainment,2013
200,David Johnson,81800,321130,Gaming,2019
201,Jacqueline Spencer,13300,199978,Music,2016
202,Paul Rivas,37200,284553,People & Blogs,2017
203,Michael Boyd,98000,362779,Entertainment,2018
204,Kathryn Khan,95600,271226,Sports,2015
205,Patrick Fitzgerald,50800,177710,Education,2018
206,Daniel Hernandez,61700,341232,Film & Animation,2016
207,Marvin Wise,27400,80780,Music,2013
208,Charles Walker,68300,475592,Sports,2017
209,Nichole Spencer,49200,414849,Howto & Style,2015
210,Ryan Payne,48100,215943,Howto & Style,2012
211,Cindy Hawkins,86000,426710,Education,2016
212,David Campbell,42600,233309,Education,2016
213,Michael Thompson,76500,410740,Music,2010
214,Maria White,58000,244152,Entertainment,2016
215,Brittany Brennan,71200,306309,Howto & Style,2012
216,Jennifer Phelps,5600,223733,Education,2017
217,Nicole Watts,40500,409589,Film & Animation,2019
218,Steven Hernandez,45100,379848,Howto & Style,2012
219,Carrie Williams,79200,358713,Sports,2018
220,Jonathan Graham,83600,54882,Gaming,2017
221,Jimmy Strong,78500,347307,Film & Animation,2018
222,Brian Clark,40900,233813,Sports,2013
223,William Price,63400,328526,Education,2012
224,Brandon Cortez,9200,393015,Sports,2018
225,Angela Fuller,65200,37286,Howto & Style,2011
226,Corey Golden,71300,437872,Shows,2019
227,Jamie Shaw,32800,93684,Gaming,2015
228,Christine Vasquez,29200,461776,Gaming,2012
229,Gerald Frey,73300,164788,Music,2016
230,David Rogers,85100,362099,Education,2019
231,Miss Kaitlyn Johnson MD,43800,175387,Shows,2015
232,John Jordan,95500,249929,Education,2011
233,Lisa Elliott,97900,422495,Entertainment,2012
234,Elizabeth Byrd,37900,197797,People & Blogs,2010
235,Gabrielle Lewis,86500,374710,Music,2013
236,Kyle Merritt,58300,293203,Howto & Style,2016
237,Regina Deleon,25500,417985,Shows,2011
238,Sydney Williams,32000,74765,Howto & Style,2016
239,Raymond Bennett,62300,14627,Music,2015
240,Alison Gilmore,12900,435253,Music,2017
241,Nathan Gray DVM,82500,53026,Shows,2017
242,Cory Anderson,59900,50864,Entertainment,2010
243,Dawn Perkins,72000,491058,Film & Animation,2013
244,Steven Hall,17600,221073,People & Blogs,2015
245,Ariel Davis,34800,343652,Education,2015
246,Nicholas Smith,27200,154830,People & Blogs,2012
247,Regina Miller,54700,20081,Shows,2010
248,Catherine Roberts,30800,332408,People & Blogs,2011
249,Andrea Robertson,5200,435380,Entertainment,2019
250,James Roberts,78300,231128,Sports,2019
251,Hayley Diaz,29200,98498,Gaming,2018
252,Matthew Walker,22100,105642,Education,2017
253,Melinda Perry,86400,400514,Sports,2015
254,James Black,58100,358547,Howto & Style,2010
255,Linda Pham,80700,204349,Sports,2019
256,Alexandria Wright,44400,231028,Entertainment,2017
257,Tyler Brown,61200,232988,Film & Animation,2012
258,Elizabeth Flynn,71900,84475,Music,2011
259,Kimberly Harrell,70500,149420,Shows,2011
260,Olivia Watson,66900,45568,Howto & Style,2012
261,Steven Rodriguez,22000,88251,Entertainment,2014
262,Mike Johnston,89300,35879,Film & Animation,2015
263,Thomas Jones,45600,107713,Shows,2017
264,Erik Gutierrez,5700,115270,Shows,2018
265,Rodney Wright,15000,272805,Howto & Style,2019
266,Jill Ellis,8300,247136,Music,2010
267,Jay Hodges,86800,194579,Sports,2015
268,Paige Bernard,50300,380376,Howto & Style,2015
269,Robert Guerra,53100,112096,Gaming,2016
270,Katrina Gonzalez,1800,469304,Education,2016
271,Michael Grant,18700,72330,Entertainment,2012
272,Elizabeth Oconnor,37700,265106,Music,2019
273,Carlos Pennington,97600,465518,Shows,2019
274,Lisa Solomon,12800,160351,Film & Animation,2019
275,Sandra Jackson,60400,204931,Entertainment,2011
276,Gail Lamb,16100,369245,People & Blogs,2012
277,Paula Gaines,15000,251977,Entertainment,2014
278,Maureen Smith,54500,247572,People & Blogs,2018
279,John Shelton,4500,158408,Shows,2015
280,Jennifer Mills,52700,138408,Shows,2018
281,Jessica Hall,43800,437122,Shows,2014
282,Amanda Carr,41200,188412,Howto & Style,2014
283,Russell Turner,68300,43640,Shows,2017
284,Robert Taylor,93100,365604,Music,2019
285,Dr. Matthew Martin,6900,473485,Howto & Style,2019
286,Joshua Phillips,37700,412757,Education,2013
287,Michael Davis,55600,289094,Shows,2019
288,Joshua Harding,32500,276511,Music,2016
289,Natasha Bush,96000,186149,Sports,2015
290,Brittany Hernandez,80800,130739,Sports,2015
291,Natalie Hall,55600,263364,Shows,2010
292,Laura Williams,84700,494160,Shows,2012
293,Danielle Williams,96100,275514,Gaming,2013
294,Robert Myers,22200,468979,Shows,2017
295,Barbara Martinez,42200,41918,Shows,2012
296,Joseph Raymond,86500,28688,Film & Animation,2014
297,Danielle Reyes,15400,448518,Howto & Style,2016
298,Lawrence White,33400,146735,Music,2015
299,Brandon Lawrence,1900,16218,Sports,2014
300,Tammy Woods,6800,447676,Entertainment,2018
301,Timothy Sims,81700,456259,Shows,2019
302,David Nielsen,65300,77844,Shows,2011
303,Krystal Washington,60500,70007,People & Blogs,2019
304,Joseph Smith,11100,264279,Gaming,2011
305,Richard Barrera,61100,14440,Gaming,2017
306,Kelly Ford,21900,305910,Sports,2015
307,Jessica Smith,5400,174659,Shows,2012
308,Michael Golden,8300,333387,Music,2014
309,Katherine Campbell,13700,220918,Sports,2019
310,Rachael Sexton,34000,490410,Music,2011
311,Philip Nguyen,36900,431535,People & Blogs,2016
312,Laura Jimenez,46500,279475,Education,2015
313,Dale Sullivan,66500,42202,People & Blogs,2018
314,Aaron Jones,94600,486409,Film & Animation,2017
315,Adam Richard,18900,36274,Entertainment,2014
316,Noah Chan DVM,26000,471437,Education,2016
317,Albert Roach,54700,95905,Gaming,2018
318,Laura Espinoza,9800,409261,Sports,2014
319,Heather Roberts,40900,20468,Gaming,2013
320,Richard Medina,25800,118927,Education,2017
321,Dennis Joseph,23800,302850,Film & Animation,2017
322,Michelle Shelton,19500,190930,Entertainment,2016
323,Diana Mathis,50100,338765,Sports,2015
324,Holly Harris,31900,60993,Entertainment,2012
325,Scott Smith,76600,174437,Education,2017
326,Sandy Osborn,40600,346311,Education,2013
327,Maria Chang,83800,329915,People & Blogs,2015
328,Mrs. Felicia Smith,48000,399179,Sports,2016
329,Cindy Arnold,64400,51917,Music,2016
330,Jason Hatfield,92400,337819,Shows,2013
331,Angela Herrera,74500,354184,Music,2016
332,Melvin Lopez,72500,42768,Entertainment,2010
333,David Hanson,74800,46773,Shows,2010
334,Peter Velasquez,5800,440333,Music,2012
335,Charles Chambers,60800,406218,Entertainment,2015
336,Melissa Thompson,8000,354179,Sports,2019
337,Julia Joseph,47600,374809,Education,2018
338,Kevin French MD,83600,445800,Education,2013
339,Robert Houston,27300,52714,Entertainment,2018
340,Olivia Watts,95300,202050,Shows,2011
341,Sharon Stone,88800,285802,Education,2011
342,Kenneth Fields,36400,466058,Entertainment,2014
343,Kelli Jones,90900,222708,Howto & Style,2017
344,Patrick Holt,5900,217736,People & Blogs,2010
345,Julia Trujillo,90800,80112,Sports,2015
346,Dominic Newton,45500,401757,Education,2011
347,Andrea Bishop,75500,28681,Howto & Style,2013
348,Brittany Johnson,44400,463054,Music,2013
349,April Mitchell,43500,195932,Sports,2012
350,Paul Fox,54500,384501,Education,2010
351,Bethany Odom,49300,215408,Music,2012
352,Melanie Sanchez,5900,178924,Education,2010
353,Michael Clark,47300,148381,Howto & Style,2011
354,Mr. Eugene Thomas,83300,394906,Sports,2011
355,Lynn Kim,31700,371816,Entertainment,2019
356,Rachel Rodgers,13000,453806,Education,2018
357,Matthew Smith,23400,393626,Sports,2018
358,Laura Miranda,51200,290525,Howto & Style,2018
359,Mrs. Abigail Weaver,92600,392644,Shows,2010
360,Nicole White,36000,81760,Entertainment,2015
361,Todd Baker,2800,371689,Shows,2017
362,Mr. Joshua Tyler,49800,291929,Shows,2015
363,Tiffany Brown,23400,485695,Sports,2017
364,Sara Johnson PhD,34900,265180,Gaming,2010
365,Jessica Hanson,32800,328484,Howto & Style,2014
366,Scott Holden,68800,248015,Sports,2011
367,Pamela Jenkins,52800,179900,Gaming,2018
368,Keith Harris,12700,382350,Entertainment,2012
369,Edwin Mann,81100,113093,Entertainment,2012
370,Kevin Williams,26600,230842,Entertainment,2015
371,Terri Morris,33500,242977,Gaming,2011
372,Brandon Fox,32900,228318,Howto & Style,2013
373,Laura Thornton,71500,234385,Sports,2018
374,Felicia Thomas,62200,98568,Entertainment,2012
375,Philip Johnson,64000,493433,Shows,2017
376,John Graham,80500,359937,Music,2011
377,Alison Russo,8700,222544,People & Blogs,2012
378,Marissa Gibbs,85800,475580,Sports,2013
379,Gabriel Jackson,38100,392988,People & Blogs,2018
380,William Rivera,79900,329308,Howto & Style,2018
381,Karen Spencer,73400,252257,Entertainment,2019
382,Bethany Edwards,11300,459689,Entertainment,2019
383,Katherine Briggs,3200,248183,Howto & Style,2014
384,Jon Austin,4600,390195,Education,2010
385,Chelsea Crawford,94900,314651,Gaming,2015
386,Victoria Kaufman,11900,267038,Sports,2019
387,Yvonne Moore,4700,217837,People & Blogs,2017
388,Angela Kramer,88000,156667,Music,2013
389,Steven Johnson,88600,312483,Gaming,2012
390,Michael Hall,69800,374052,People & Blogs,2016
391,Tiffany Armstrong,94100,40633,People & Blogs,2010
392,Kimberly Gilbert,14200,409808,Gaming,2013
393,Kerri Martin,60100,344012,Gaming,2015
394,Jason Moss,26000,17033,Howto & Style,2018
395,John White,31300,473559,Film & Animation,2014
396,Nathaniel Spencer,9400,222179,Music,2019
397,Daniel Perkins,52400,407205,Entertainment,2011
398,Stacey Allen,20100,107569,Film & Animation,2012
399,Desiree Choi,32500,163767,Music,2010
400,Daniel Houston,46600,374943,Education,2013
401,Kathleen Nelson,14800,10474,Entertainment,2012
402,Marissa Williams,92400,424197,Education,2018
403,Marvin Horn Jr.,28100,425073,Gaming,2017
404,Lisa Carr,34000,258165,Entertainment,2010
405,Kenneth Thompson,43600,348121,Howto & Style,2014
406,Mrs. Rebecca Taylor,10700,49107,Film & Animation,2016
407,Shelby Morgan,52300,467602,Education,2019
408,Tyler Daniel,38500,85845,People & Blogs,2015
409,Charles Sanders MD,99000,50277,Education,2017
410,Ariel Richardson,26700,493895,Education,2019
411,Kenneth Harris,70700,277251,Film & Animation,2012
412,Teresa Hernandez,66500,416463,Howto & Style,2011
413,Madison Noble,93100,390313,Gaming,2010
414,Morgan Anderson,95300,28979,Entertainment,2018
415,Nicholas Cummings,69800,143654,Music,2017
416,Dawn Rose,96900,176954,Film & Animation,2019
417,Elizabeth Barker,48100,491639,Gaming,2017
418,Cheryl Scott,82600,369229,Gaming,2011
419,James Flores,39000,33507,Music,2014
420,Sara Reed,69100,185611,Entertainment,2013
421,Eric Moore,22200,29070,Education,2011
422,Rachel Wilson,84800,213468,Howto & Style,2012
423,Mitchell Newman,25500,355707,Film & Animation,2018
424,Miranda Powell,96400,386616,Sports,2011
425,Patty Martin,49700,313601,Education,2016
426,Kyle Johnson,51100,324520,Music,2011
427,Alexandra Mcpherson,67600,355982,Film & Animation,2016
428,Ann Ellis,58000,128476,Film & Animation,2015
429,Robert Austin,98000,225561,People & Blogs,2016
430,Lauren White,16800,230861,Howto & Style,2013
431,Elizabeth Williams,1600,208245,People & Blogs,2011
432,Andrew Bennett,93200,248441,Shows,2010
433,Susan Smith,32400,405344,Gaming,2017
434,Gloria Sandoval,51200,228842,Entertainment,2014
435,Heidi King,44300,470066,Gaming,2015
436,Dennis Thompson,78400,73581,Shows,2017
437,Tiffany Beck,53200,143002,Shows,2013
438,Elizabeth Garcia,33100,84155,People & Blogs,2015
439,Rebecca Parker,72000,315586,Howto & Style,2016
440,Tracie Sherman,74600,101255,Shows,2015
441,Matthew Villa,87000,287981,Entertainment,2011
442,Sara Fernandez,93100,201250,Howto & Style,2017
443,Jill Marshall,12800,118780,Shows,2018
444,Sara Fisher,42400,316082,Howto & Style,2017
445,Anthony Rivas,97000,11926,Film & Animation,2016
446,Christopher Holmes,68000,214804,Education,2019
447,Sarah Cardenas,76600,493705,Education,2017
448,Aimee Fields,57000,32329,Sports,2011
449,Tracy Phillips,64700,348065,Shows,2012
450,Emily Hansen,50700,238964,Education,2014
451,Tammy Russell,69700,44890,Sports,2012
452,Jill Green,69200,351338,People & Blogs,2010
453,Victor Smith,5400,172048,Education,2019
454,Christopher Morales,10300,111010,Music,2019
455,James Alvarado,11500,479306,Entertainment,2014
456,Mary Simon,76400,230822,Howto & Style,2012
457,Timothy Massey,88800,50495,Entertainment,2016
458,Melissa Baker DDS,2100,378427,Howto & Style,2013
459,Scott Davis,24200,216141,Film & Animation,2010
460,Kathy Robinson,14400,274044,Education,2016
461,Justin Moore,16300,154167,Entertainment,2011
462,Katie Vaughn,6200,71668,Film & Animation,2012
463,James Rice,1100,394410,Education,2014
464,Tanya Murphy,96800,299016,Howto & Style,2014
465,Daryl Bradley,34100,266037,Sports,2012
466,Todd Jones,57800,479670,Film & Animation,2015
467,Alan Hall,53100,91633,Shows,2019
468,Sean Morris,30100,412529,Entertainment,2015
469,Wanda Ballard,98500,372847,Shows,2014
470,Robert Anderson,26300,101362,Entertainment,2010
471,Scott Ryan,87300,175275,Film & Animation,2013
472,Kimberly Barnes,42400,458080,Education,2010
473,Elizabeth Lee,22600,450656,Sports,2010
474,Thomas Webb,19500,157831,Gaming,2018
475,Susan Anderson,34100,225761,People & Blogs,2012
476,Melanie Morales,63900,261540,Gaming,2015
477,Robert Cox,41400,476415,People & Blogs,2012
478,Gilbert Davis,11300,455111,Shows,2012
479,Ricardo Suarez,29600,393072,Shows,2016
480,Melissa Williamson,37000,468232,Shows,2017
481,Steven Thomas,72000,207299,Film & Animation,2011
482,Maria Moore,12700,378505,Entertainment,2018
483,Timothy Meyers,26300,44434,Film & Animation,2014
484,Kerry Bell,40000,21811,Music,2013
485,Adam Bell,49800,254771,Entertainment,2019
486,Colleen Moore,43300,84758,Film & Animation,2011
487,Christy Flynn,1400,214501,Gaming,2014
488,Charles Jones,13200,258408,Sports,2010
489,Sheena Mcdonald,55700,166656,Howto & Style,2017
490,Jennifer Foster,24600,345120,Music,2017
491,Carol Powell,80900,403837,Gaming,2017
492,Adam Lowe,57300,482821,Howto & Style,2011
493,Elizabeth Scott,35000,293270,Gaming,2010
494,Shelby Evans,48700,21717,Gaming,2019
495,Samantha Taylor,16400,242623,Gaming,2011
496,Anna Williams,34400,309774,Entertainment,2019
497,Michael Brown,36200,185310,Howto & Style,2019
498,Kristi Davis,32500,171542,People & Blogs,2017
499,Mark Gonzales,14300,159290,Shows,2010
500,Jane Thompson,44000,245802,Film & Animation,2017
501,Kelly Allen,36700,12829,Howto & Style,2010
502,Juan Anderson,97900,367308,Howto & Style,2018
503,Robert Russo,44600,313355,Shows,2019
504,Ashley Reese,8600,363116,Gaming,2019
505,Robert Hernandez,43700,41452,Shows,2015
506,Albert Smith,32500,400470,Howto & Style,2014
507,Crystal Stevens,1800,352131,Gaming,2010
508,Matthew Young,76800,135636,Gaming,2016
509,Brenda King,97100,411927,Gaming,2013
510,Megan Welch,7200,262084,Music,2018
511,Susan Wilson,66100,369613,Education,2018
512,Dr. John Ballard,35800,406466,Sports,2019
513,Heather Watkins,25500,449687,Sports,2015
514,Mrs. Lisa Parker,87800,226694,Howto & Style,2019
515,James Green Jr.,45800,177078,Entertainment,2018
516,Sheri Chen,68000,441386,Gaming,2011
517,Anthony Davis,9700,330147,Entertainment,2018
518,Lisa Smith,36300,433038,Howto & Style,2018
519,Gina Pierce,43500,367168,Gaming,2014
520,Aaron Johnson,61500,422668,Howto & Style,2011
521,Travis Rodriguez,73600,349818,Entertainment,2011
522,Blake Mays,74400,128052,Shows,2014
523,Kathleen Le,28800,328266,Entertainment,2016
524,Kyle Brown,19900,97880,Entertainment,2011
525,Stephanie Steele,62500,93920,Gaming,2017
526,Janice Moore,52600,225816,Film & Animation,2014
527,Kelly White,30300,325960,Gaming,2018
528,Nicole Robinson,63400,168882,Gaming,2011
529,Jeffrey Marshall,80200,285633,People & Blogs,2016
530,Gabriel Hernandez,5200,354325,Sports,2013
531,Carlos Mccoy,25200,499232,Gaming,2011
532,Pamela Duncan,40000,338569,Film & Animation,2015
533,Daniel Page,15600,373639,Education,2019
534,Angela Garcia,64500,97696,Education,2011
535,Patrick Cole,23100,419574,Gaming,2011
536,Philip Mcclain,15400,445224,Film & Animation,2017
537,Shannon Thomas,5300,22578,Howto & Style,2013
538,Joseph Mays,17000,194708,Howto & Style,2016
539,Rick Yates,37100,109935,Gaming,2018
540,Trevor Rubio,13500,496399,Shows,2013
541,Brianna Khan,6400,53844,Sports,2017
542,Jesse Monroe,17500,138181,Shows,2015
543,Kelli Armstrong,33400,166401,People & Blogs,2019
544,Michael Poole,89200,497647,Sports,2017
545,Edward Baxter,74000,112044,Music,2015
546,James Anderson,54900,304781,Music,2013
547,Melissa Bartlett,74900,180938,Gaming,2019
548,Robert Buchanan,4600,292538,Gaming,2017
549,Andrew Perkins,20700,364996,Gaming,2015
550,Kristen Mccarthy,66700,414829,Gaming,2016
551,Justin Garcia,19600,247369,Sports,2014
552,Robert Browning,10600,430110,Music,2019
553,Sheri Miller MD,95600,15092,Music,2012
554,Kellie Roberts,2800,87380,Gaming,2014
555,Carol Bell,34500,291369,Entertainment,2011
556,Sara Lopez,10300,77742,Entertainment,2018
557,Rebecca Lee,95500,45885,People & Blogs,2010
558,Lori Ibarra,50700,120847,Film & Animation,2018
559,Gabriela Crosby,30500,99126,Gaming,2014
560,Karen Farley,49800,206081,Shows,2018
561,John Sutton,69600,61640,Howto & Style,2011
562,Barbara Lawrence,20900,486044,Shows,2012
563,Cindy Guerrero,54700,368828,People & Blogs,2010
564,Heather Olson,65500,332263,People & Blogs,2010
565,Christina Whitaker,18800,33637,Film & Animation,2015
566,Susan Carlson,46700,134936,People & Blogs,2019
567,Lauren Cervantes,78000,408648,Entertainment,2010
568,Wesley Wood,28000,486952,People & Blogs,2013
569,Donna Johnson,17900,115171,Sports,2011
570,Brian Castro,91500,356681,Shows,2014
571,Ariel Reese,22600,377811,Howto & Style,2017
572,Brittany Gregory,49400,118789,Howto & Style,2014
573,Theresa Romero,4600,273997,Shows,2015
574,Jonathan Harris Jr.,70200,173084,Gaming,2010
575,Alicia Garcia,99300,250540,Music,2016
576,Tiffany Smith,46300,142900,Entertainment,2012
577,Shannon Charles,81200,255972,Entertainment,2013
578,Crystal Adams,46200,439808,Education,2010
579,Sandra Dillon,34000,232577,People & Blogs,2015
580,Caleb Daniel,43500,297006,People & Blogs,2014
581,Michele Spence,70100,331161,Sports,2014
582,Christopher Leon,83400,239103,Music,2016
583,Ann Shelton,68800,219313,Sports,2010
584,Angela West,81700,85522,People & Blogs,2019
585,Angela Ferguson,56200,109205,Education,2018
586,Shawn Rangel,6300,165187,People & Blogs,2017
587,Richard Patel,4800,429897,Music,2016
588,Kelli Johnson,74300,255702,Film & Animation,2016
589,Dr. Justin Hernandez MD,65600,317047,Gaming,2013
590,Robert Haynes,76200,43535,Entertainment,2013
591,Jennifer Smith,5900,449347,Sports,2015
592,Jody Levy,61800,326312,Film & Animation,2014
593,Julie Richards,11100,253630,Howto & Style,2019
594,Anna Roberts,50500,297330,Music,2015
595,Bridget Dickerson,18700,349149,Howto & Style,2016
596,Lisa Harmon,98200,220056,Shows,2018
597,Anthony Lynch,78000,213430,Entertainment,2010
598,Cameron Benton,4100,149515,Sports,2015
599,Daniel Sanchez,1200,288834,Shows,2013
600,Jill Lowery,79200,274337,Entertainment,2010
601,Emily Hall,50300,272094,Music,2011
602,Jonathan Hensley,20000,203930,Education,2011
603,Anna Simmons,85800,467797,Shows,2011
604,Kristen Johnson,36900,100348,Sports,2014
605,Carrie Keller,87200,414176,Music,2015
606,Megan Patterson,26900,414458,Entertainment,2011
607,Steven Myers,25800,436643,Education,2011
608,David Guzman,35700,239474,Howto & Style,2015
609,Anthony Richardson,4000,195969,Music,2017
610,Jennifer Briggs,89300,30074,People & Blogs,2018
611,Aaron Cunningham,45500,320355,Education,2011
612,Jesse Serrano,72600,155815,Howto & Style,2014
613,Alejandro Davis,40300,495805,Shows,2014
614,Lawrence Hatfield,31700,406487,People & Blogs,2018
615,Justin Taylor,8700,38567,Gaming,2014
616,Heidi Duran,51300,291151,Howto & Style,2014
617,Christopher Brock,17100,121516,Howto & Style,2017
618,Emily Maynard,30300,170388,Education,2014
619,Amber Reeves,42200,320102,Music,2012
620,Michelle Tucker,80900,98146,Gaming,2013
621,Carol Torres,27300,21688,Education,2017
622,Keith Charles,76600,498737,Howto & Style,2018
623,Stephanie Jones,24700,493362,Entertainment,2016
624,Lauren Hill,43000,393802,Film & Animation,2014
625,Caleb Sanchez,87500,252771,Film & Animation,2016
626,Christopher Murphy,75400,206917,Gaming,2010
627,Robert Wright,9500,181299,Howto & Style,2012
628,Krystal Butler,32500,458549,Film & Animation,2011
629,Travis White,80700,95786,Howto & Style,2019
630,Cody Hill,89600,344573,Music,2010
631,Derrick Lewis,62900,227559,Film & Animation,2012
632,Henry Cline,51000,252430,Sports,2017
633,Jane Chang,43400,408336,Shows,2018
634,Madison Brown,90900,51662,Entertainment,2015
635,Brittany Stephens,21700,454281,Howto & Style,2010
636,Candace Riley,95400,499831,Sports,2015
637,Jack Burns,54700,55824,People & Blogs,2011
638,Penny Sosa,85600,146724,Music,2013
639,Brenda Franklin,12800,25774,Education,2011
640,Dr. Catherine Wright,56000,54970,Sports,2015
641,Frank Mitchell,61600,178080,Education,2011
642,Mary Mcfarland,6900,90871,Shows,2013
643,Jeffrey Whitehead DVM,67700,142204,Education,2011
644,Miranda Fleming,27800,228282,Film & Animation,2016
645,Wanda Martinez,62300,95945,Music,2015
646,Megan Zhang,90500,359715,Entertainment,2019
647,Jack Wyatt,31500,297454,People & Blogs,2011
648,Denise Bell,61500,17728,Music,2014
649,Andrew Ross,77000,474285,Gaming,2017
650,Mrs. Denise Pineda PhD,3600,133257,Gaming,2018
651,Debbie Tucker,94800,385869,Education,2013
652,David Sawyer,26500,481674,Film & Animation,2013
653,Jennifer Guzman,29100,352124,Sports,2013
654,Andrew Ryan,82600,426866,Gaming,2014
655,Destiny Becker,53100,126170,Gaming,2012
656,Troy Brown,64700,251658,Music,2012
657,Kimberly Perry,26200,486286,Gaming,2011
658,Tracy Robinson,8900,375813,Entertainment,2018
659,Ashley Beck,37600,457906,Education,2012
660,Brittany Delgado,11800,249266,Sports,2018
661,Carla Hayes,94100,224198,Shows,2019
662,Richard Williams,7800,389134,Film & Animation,2010
663,Kathleen Lee,64800,377659,People & Blogs,2010
664,Cheryl Cline,74300,210589,People & Blogs,2016
665,Melissa Jones,87100,10265,Education,2019
666,Katie Miller,39000,183858,Education,2013
667,Dan Shannon,34200,403675,Entertainment,2012
668,Michelle Mosley,54200,385611,People & Blogs,2012
669,Daniel Miller,95700,449525,Howto & Style,2011
670,Joshua Nash,62800,387497,Howto & Style,2016
671,Samantha Harper,99500,95823,Gaming,2013
672,James Cain,61900,295254,Gaming,2018
673,Ms. Janice Nelson,13300,475089,Sports,2016
674,Jessica Atkinson,31300,410257,Shows,2011
675,Stephen Booth,50400,98921,Entertainment,2015
676,Krystal Carey,72600,462077,People & Blogs,2019
677,Dr. William Bailey,4800,369302,Sports,2011
678,Mariah Mccarty,91100,261982,Entertainment,2011
679,Andrew Knight,15800,473898,Entertainment,2017
680,Wanda Long,96600,196987,Music,2019
681,Kenneth Hughes,87300,433969,Howto & Style,2011
682,Brenda Hutchinson,33600,335246,Gaming,2013
683,Chelsea Hernandez,19900,225838,Film & Animation,2010
684,Antonio Cruz,1600,340912,Howto & Style,2011
685,Brooke Duncan,60900,318410,People & Blogs,2013
686,Suzanne Gomez,27000,302248,Education,2014
687,James Evans,42800,433369,Music,2016
688,Joshua Graham,23600,65046,Gaming,2015
689,Emily Evans,17900,410613,People & Blogs,2018
690,Matthew Nelson,62300,67373,Education,2010
691,Julia Glover,28900,186126,Gaming,2015
692,Patricia Davis MD,5000,175186,Film & Animation,2017
693,Stephanie Smith,66900,433973,Sports,2010
694,April Gamble,42700,41472,Entertainment,2011
695,Kathy Hernandez,33000,300241,People & Blogs,2015
696,Lorraine Neal,15100,378835,Film & Animation,2014
697,Brooke Martin,81900,334020,People & Blogs,2013
698,Francis Adams,97800,140849,Music,2014
699,Joshua Schmidt,49600,256976,Gaming,2012
700,Susan Suarez,25700,293683,Film & Animation,2013
701,Thomas Rodriguez,37700,153993,Education,2019
702,Melinda Turner,55700,496869,Gaming,2017
703,Tyler Schultz,59300,361590,Howto & Style,2012
704,Christopher Bennett,87300,339270,Shows,2014
705,Anita Rich,17900,157161,Sports,2014
706,Jason Oneill,92000,437708,Shows,2013
707,Cassandra Anderson,88500,34885,Education,2019
708,Julie Key,1700,286326,Shows,2010
709,Jordan Smith,88700,281591,Entertainment,2010
710,Nicholas Roberts,69500,134430,Gaming,2015
711,Jessica Delgado,11800,462176,Entertainment,2012
712,Shawn Molina,68300,362391,Film & Animation,2014
713,Austin Ewing,50000,485489,Shows,2017
714,Brian Cox,3500,294525,Shows,2016
715,Kimberly Larsen,43200,167589,Howto & Style,2010
716,John Mitchell,68700,496701,Gaming,2018
717,Heidi Fisher,78600,408606,Gaming,2011
718,Joseph Ross,46800,380116,People & Blogs,2011
719,Virginia Lopez,95500,486386,People & Blogs,2015
720,Troy Kane,53600,339043,Entertainment,2011
721,David Jacobson,72000,39486,People & Blogs,2017
722,Michael Brooks,50400,261824,Sports,2016
723,Samantha Maldonado,32700,106745,Howto & Style,2012
724,Lisa Huynh,1700,290288,Gaming,2015
725,Rebecca Weber,80200,455243,Entertainment,2011
726,Benjamin Ruiz,28600,320598,Film & Animation,2012
727,Christopher Hill,55600,217746,Education,2011
728,Erica Bell,55200,233115,Education,2018
729,James Hobbs,85400,146187,Gaming,2013
730,Angela Johnson,76500,218548,Entertainment,2014
731,Timothy Petersen,56900,340905,People & Blogs,2018
732,Justin Wilson,24200,109960,Education,2017
733,Timothy Cooper,79300,102162,Howto & Style,2015
734,Eric Gibson,11600,318033,Gaming,2016
735,Colton Rosales,35500,425580,Shows,2017
736,Raymond Coleman,29400,461317,Sports,2013
737,Blake Chang,19500,86374,Shows,2015
738,Henry Anderson,61300,340814,Gaming,2018
739,Edward Hill DDS,75500,491176,People & Blogs,2019
740,Cynthia Brown,70800,250638,Film & Animation,2012
741,Elizabeth Edwards,9400,269611,Education,2012
742,Jessica Fleming,33800,372754,Education,2011
743,Charlotte Collins,58900,67250,Film & Animation,2011
744,Brenda Cook,20800,419260,Gaming,2012
745,Dennis Marks,30600,438510,Shows,2013
746,Robert Jackson,99300,214143,Sports,2010
747,Patrick Hawkins,80700,476720,Sports,2012
748,Doris Fitzpatrick,9600,131049,Howto & Style,2012
749,William Alvarez,22000,119066,Shows,2019
750,Daniel Bradford,71900,343456,People & Blogs,2018
751,Christopher Cook,59000,175127,Sports,2016
752,Christopher Snyder,76300,61403,Music,2012
753,James Jones,71800,99622,Gaming,2018
754,Charles Smith,20700,339996,Entertainment,2018
755,Katelyn Garcia,17900,229875,Shows,2011
756,Glenn Lee,59700,169625,Howto & Style,2012
757,Michael Key,6700,444916,Sports,2012
758,Jonathan Flores,7200,288446,Education,2012
759,Amanda Hoffman,36000,481537,Howto & Style,2017
760,Lauren Mendoza,88600,419469,Music,2015
761,Timothy Goodman,92700,406063,Music,2018
762,Cody Rodriguez,91100,292427,Howto & Style,2017
763,Bethany Sanchez,91100,206572,Gaming,2011
764,Cindy Leach,95300,138961,Shows,2010
765,Jose Carter,52100,403677,Sports,2012
766,Kristen Vega,95300,412451,Sports,2014
767,Marilyn Lawrence,97700,253227,Education,2013
768,Vanessa Forbes,41200,308324,Education,2015
769,Brad Schroeder,94700,385771,Entertainment,2013
770,Erika Oneal,21800,446265,Gaming,2016
771,Allison Anderson,39300,267821,Sports,2013
772,Justin Butler Jr.,68300,315306,Music,2018
773,Walter Gilmore,20000,109641,Education,2013
774,Victoria Martinez,91000,82948,Music,2014
775,Gary Crawford,52900,469711,Music,2011
776,Katherine Harper,12400,370070,Education,2019
777,Elizabeth Kelley,77500,330188,Howto & Style,2016
778,Barbara Luna,64300,114284,Music,2017
779,Kathleen Lucero,41300,222272,Sports,2017
780,Zachary Pierce,16100,433263,Sports,2018
781,Danielle Burgess,96500,316946,Howto & Style,2010
782,Kyle Ferguson,33900,103116,Education,2011
783,Stephen Collins,70100,261942,Film & Animation,2010
784,Timothy Pace,38100,293241,Film & Animation,2012
785,Wayne Jones,51500,319125,Entertainment,2012
786,Kimberly Powell,32900,479678,Music,2010
787,Kristin Munoz,92800,470504,Howto & Style,2018
788,Jennifer Rice,43400,16932,Sports,2011
789,Ryan Potter,49600,127399,Gaming,2012
790,Philip Wells,81900,135717,Music,2012
791,John Contreras,15800,258317,Film & Animation,2015
792,Thomas Shaw,92900,420111,Howto & Style,2017
793,Gerald Adams,62600,276283,Entertainment,2010
794,Justin Rodriguez,65800,29323,Film & Animation,2012
795,Jessica Hutchinson DDS,9100,455895,Film & Animation,2015
796,Dustin Davis,40600,380726,People & Blogs,2011
797,Alexandra Drake,28600,27977,Film & Animation,2014
798,Donna Bush,94000,378977,Education,2014
799,Rachel Whitehead,4200,274163,Gaming,2014
800,Shannon Schneider,26900,56391,Shows,2018
801,Benjamin Johnson,39200,108620,Entertainment,2015
802,Laura Hall,85000,390005,Education,2017
803,Breanna Rogers,97700,63626,Entertainment,2014
804,Jamie Bailey,97100,19157,Shows,2017
805,Cassandra Allen,17400,348992,Entertainment,2017
806,Jose Hill,15500,274744,Entertainment,2017
807,Michele Carter,99600,432796,Music,2011
808,Katie Stark,45700,351489,Sports,2014
809,Stephen Campbell,86600,270577,Gaming,2016
810,Maria Woods,19500,408369,Film & Animation,2018
811,Patricia Torres,85900,144577,Shows,2019
812,Laura Thompson,39700,199724,Education,2017
813,Karen Hernandez,95700,134552,Entertainment,2013
814,Rebekah Schwartz,81300,422986,Film & Animation,2017
815,Ashley Griffin,91600,143874,Howto & Style,2018
816,Mary Moore,95000,337373,Gaming,2010
817,Diane Walter,15900,416234,Gaming,2015
818,Thomas Everett,92500,11924,Howto & Style,2010
819,Shawn Villa,37100,499114,Howto & Style,2012
820,Denise Warren,16200,223752,Film & Animation,2014
821,Timothy Baldwin,71500,85394,Music,2018
822,Amy Webster,98700,174885,Music,2019
823,Brian Bell,10900,398620,People & Blogs,2010
824,Nancy White,21800,114616,Music,2014
825,Richard Hammond,86400,148414,Howto & Style,2013
826,Bruce Scott,5300,112257,Shows,2015
827,Justin Wright,65800,285511,Education,2011
828,Melissa Smith DDS,26000,28998,Gaming,2013
829,Michelle Gutierrez,61300,263925,Howto & Style,2015
830,Jacob Gibson,6300,317808,Education,2015
831,Brad Perez,88000,49879,Shows,2014
832,Thomas Duran,42900,415767,Shows,2017
833,Chad Terry,60900,177699,Entertainment,2011
834,Anita Moran,36500,115639,Music,2017
835,Richard Taylor,29800,387313,Music,2014
836,Derrick Myers,69700,84747,Howto & Style,2019
837,Aaron Davis,84000,346904,People & Blogs,2010
838,Miranda Lee,57100,443650,Sports,2017
839,William Adams,34100,195705,Gaming,2017
840,Karla Moran,27900,463588,Shows,2016
841,Anne Mendez,99500,25133,People & Blogs,2010
842,Brittany Burns,70400,372901,Education,2016
843,Andrew Vance,20400,449742,Music,2010
844,Becky Powers,77600,291898,Howto & Style,2019
845,Lisa Werner,44400,73112,Gaming,2013
846,Samantha Hill,94300,166805,Entertainment,2016
847,Dwayne Lopez,8100,40759,Film & Animation,2011
848,John Montoya,85300,172847,Shows,2015
849,Martha Wright,84100,360065,Sports,2010
850,Brian Hale,79100,69058,People & Blogs,2018
851,Paige Tucker,53200,287486,People & Blogs,2015
852,Kimberly Lang,60200,101018,Music,2012
853,Scott Cox,68600,433735,Entertainment,2015
854,Jennifer Murphy,53800,390136,Sports,2014
855,Melissa Collier,75900,123506,Shows,2012
856,Danny Cameron,34400,413556,Gaming,2016
857,Samuel Wolf,38500,420484,Howto & Style,2018
858,Sharon Mora,74200,71947,Entertainment,2016
859,Brady Reid,74400,258138,Film & Animation,2017
860,Dana Beck,94400,234788,Entertainment,2017
861,Traci Coleman,11700,84575,Howto & Style,2018
862,Paul Graham,51200,50397,Education,2015
863,David Clark,50700,35136,Education,2014
864,Benjamin Carroll,65200,13476,Shows,2012
865,Rebecca Miller,64000,474021,Howto & Style,2016
866,Jessica Singh,80200,394484,People & Blogs,2019
867,Toni Mooney,93300,343417,Education,2011
868,Mr. Jason Moore DDS,26800,133907,Gaming,2014
869,Tracy King,31600,312653,Film & Animation,2017
870,Deborah Greene,81300,230681,Gaming,2017
871,Laura Washington,75000,311822,Sports,2013
872,Jessica Rush,10200,207734,Film & Animation,2013
873,Brett Miller,86600,78134,Gaming,2013
874,Adam Roberts,2300,454520,Entertainment,2016
875,Sandra Garcia,49300,382382,Sports,2014
876,Heidi Williams,87200,334288,Sports,2014
877,Thomas Jordan,13900,400566,Howto & Style,2011
878,Jeremy Moses,31000,416080,Howto & Style,2010
879,Victoria Mcmahon,39200,192185,People & Blogs,2013
880,James Shaffer,79600,172466,Film & Animation,2013
881,Christopher Campbell,82600,96935,Shows,2014
882,Amanda Hill,29800,309918,Shows,2015
883,Sarah Taylor,82900,424592,Shows,2011
884,Michael Hawkins,77300,118370,People & Blogs,2013
885,John Carson,84000,106691,People & Blogs,2014
886,Kathleen Simmons,79400,180353,Sports,2016
887,Matthew Gonzalez,59700,73521,Gaming,2012
888,Laura Burgess,60400,97268,Gaming,2013
889,Timothy Flowers,1600,265870,Music,2017
890,Timothy Perry,73500,399862,People & Blogs,2013
891,Alexandra Guzman,87800,144625,Gaming,2011
892,Casey Walker,24400,392143,Shows,2015
893,Michele Braun,14000,88639,Film & Animation,2014
894,Ian Clements,58300,177868,Entertainment,2016
895,Jesse Moran,50100,446086,Education,2010
896,Sierra Mckay,84400,59586,Gaming,2019
897,John Kemp,60700,95016,Music,2014
898,Lauren Gutierrez,37600,198012,Howto & Style,2010
899,Cathy May,95300,73729,Gaming,2017
900,Leslie Matthews,92700,466618,Sports,2010
901,Jodi Carr,37000,454101,Shows,2017
902,Robert Rangel,79300,397705,Sports,2017
903,Calvin Mueller,51400,174588,People & Blogs,2012
904,Todd Bennett,65200,131155,Sports,2016
905,Alan House,66300,388662,People & Blogs,2019
906,Chloe Lewis,67900,79558,Howto & Style,2019
907,Antonio Torres,24600,399816,Sports,2018
908,Sarah Kirk,94300,223961,Music,2010
909,Jamie Wilson,22000,279559,People & Blogs,2010
910,Rachel Stewart,30000,272965,People & Blogs,2015
911,Tina Glover,91700,112867,Sports,2018
912,Heather Nelson,10900,400831,Film & Animation,2011
913,Robert Hampton,56700,193538,Howto & Style,2011
914,Jonathan West,16600,150723,Sports,2015
915,Erica Young,32400,145818,Film & Animation,2011
916,Jennifer Miles,20800,61747,Sports,2018
917,Heidi Shelton,17800,37799,People & Blogs,2019
918,Brett Church,51000,80484,Sports,2017
919,Trevor Curry,78400,102056,Film & Animation,2016
920,William Mack,77900,312708,Howto & Style,2018
921,Andrew Hawkins,44900,216560,Education,2013
922,Jennifer Wilkerson,93800,14064,Music,2015
923,Keith Carlson,84600,289078,Education,2011
924,Michelle Wells,26900,111356,Gaming,2019
925,Kevin Perkins,70700,100828,Howto & Style,2013
926,Hector Smith,57100,395452,Music,2018
927,Penny Gonzales,34300,50641,Shows,2011
928,Samuel Wilson,41000,119190,Sports,2016
929,Jacqueline Smith,2500,291282,People & Blogs,2013
930,Samantha King,6500,150440,Gaming,2015
931,Angel Mcknight,31300,396418,Howto & Style,2011
932,Dennis Smith,52300,429663,People & Blogs,2018
933,Jennifer Olsen,78300,211513,Film & Animation,2013
934,Valerie Wells MD,44600,438634,Film & Animation,2018
935,Mark Taylor,38800,314898,Shows,2016
936,Linda Allen,99800,190710,Howto & Style,2012
937,Gerald Cook,65300,103632,Sports,2010
938,Tyler Lewis,82900,265099,Shows,2017
939,Dorothy Mosley,25400,155966,Education,2010
940,Eric Daniels,3300,211537,Film & Animation,2010
941,Edward Wheeler,30600,74861,Gaming,2019
942,Stacy White,55000,289263,Howto & Style,2010
943,Colleen Richardson,15400,468293,Howto & Style,2018
944,Leslie Robinson,12400,56298,Sports,2011
945,Mark Jenkins,7700,19563,Howto & Style,2018
946,Jennifer Black DVM,6900,116807,Entertainment,2014
947,Daniel Walls,55600,475630,Shows,2013
948,Lori Gonzales,59400,141176,Shows,2012
949,Eric Bullock,9300,368835,Music,2018
950,Bethany Davenport,40600,424051,Music,2011
951,Donna Ward,54800,383287,Music,2014
952,Eric Wolfe,41200,170100,Music,2011
953,Zachary Smith,51200,179426,Shows,2015
954,Scott King,56100,360690,Film & Animation,2017
955,Steven Warner,70900,361701,People & Blogs,2013
956,Derek Irwin,74700,248977,People & Blogs,2017
957,Mrs. Carrie Mccarthy,17700,148737,Film & Animation,2016
958,Rachael Dudley,10900,201627,Film & Animation,2012
959,Philip Hamilton,26900,281946,Education,2010
960,John Greer,48200,487274,Music,2012
961,Meredith Blake,23500,468096,Music,2016
962,Rhonda Martin,73500,337551,People & Blogs,2017
963,Kathryn Kim,81400,101555,Film & Animation,2017
964,Aaron Hays,97200,87697,Sports,2014
965,Sean Williams,93200,342779,Gaming,2013
966,Dustin Bell,2100,280817,Howto & Style,2014
967,Daniel Forbes,9500,11599,People & Blogs,2019
968,Brandon Torres,13200,219115,Film & Animation,2015
969,Jacqueline Wilkins,41500,231954,Music,2012
970,Colin Orozco,4300,203115,Gaming,2017
971,Briana Moreno,31500,268088,Gaming,2017
972,David Kent,13100,109628,Gaming,2012
973,Curtis Sweeney,63400,240437,Music,2017
974,Jason Davis,85800,442380,Howto & Style,2018
975,Maria Jenkins,97900,266963,Sports,2012
976,Leslie Hoffman,85500,463498,Sports,2014
977,Wendy Boyd,78800,67051,Howto & Style,2015
978,John Howard,71900,223613,Shows,2011
979,Katherine Olsen,7800,317405,Entertainment,2015
980,Carla Thompson,22900,45499,Gaming,2018
981,Tracy Rios,27400,21860,Music,2011
982,Derrick Harper,59100,294304,People & Blogs,2010
983,Joseph Craig,65500,383466,Film & Animation,2013
984,Brianna Hopkins,27700,265148,People & Blogs,2016
985,Courtney Gonzalez,67300,324923,Gaming,2013
986,Juan Baker,73800,447471,Entertainment,2011
987,Kristy Taylor,94500,209697,Shows,2011
988,Christopher Moore,97700,80429,People & Blogs,2015
989,Rebecca Reese MD,60800,335430,Film & Animation,2015
990,Phyllis Huffman,31600,235363,Gaming,2014
991,Christopher Morrow,28500,350731,People & Blogs,2014
992,Isabella Cunningham,91200,448557,Education,2015
993,Nathaniel Chapman,18800,386398,Shows,2017
994,Robert Medina,85100,250295,Education,2018
995,Frank Sherman,97500,267723,Music,2012
996,Christopher Scott,34800,65129,Sports,2014
997,Jerry Mitchell,48100,165488,Shows,2015
998,Vicki Sawyer,63900,482813,Education,2011
999,Mary Sosa,70700,410738,Education,2016
1000,Michaela Jennings,68400,371629,Education,2013
1001,Melvin Oconnor,84200,448299,Entertainment,2012
1002,Danny Young,31500,202286,Howto & Style,2013
1003,Natasha Bradley,5800,37921,Sports,2015
1004,Mitchell White,39900,82985,Education,2014
1005,Mary Price,58600,379295,Education,2013
1006,Steve King,37400,304324,Sports,2011
1007,Carol Wilson,62200,465226,People & Blogs,2019
1008,Justin Cooper,45600,338629,Howto & Style,2017
1009,Stacey Edwards,84900,450069,Sports,2013
1010,Tony Hall,54100,182618,Entertainment,2016
1011,Mr. Shane Houston MD,27900,472617,Film & Animation,2010
1012,Matthew Cunningham,40600,444540,Howto & Style,2010
1013,Lisa Andersen,20400,129596,Education,2012
1014,Leah Nicholson,18300,231864,Education,2019
1015,Julia Schultz,57800,394666,Film & Animation,2011
1016,Kristina Thomas,83300,302386,Gaming,2016
1017,Evelyn Johnson,5200,93492,Sports,2018
1018,Tammy Huffman,20100,289463,Gaming,2016
1019,Dana Oneal,13800,38669,People & Blogs,2017
1020,Matthew Williams,86300,65784,Gaming,2013
1021,Jose Frank,43800,224823,Entertainment,2012
1022,Jennifer Baker,41300,358111,Shows,2013
1023,Nathan Green,31500,456871,Howto & Style,2019
1024,April Smith,13200,401172,People & Blogs,2017
1025,Stephanie Miranda,86100,55002,Gaming,2014
1026,Dr. Ellen Jones,61300,126503,Howto & Style,2015
1027,Samuel Tran,60700,288022,Music,2013
1028,Brian Walters,42400,179179,Film & Animation,2015
1029,Carla Cox,10700,199436,Film & Animation,2013
1030,Tamara Martinez,1100,278615,Film & Animation,2019
1031,Christian Kline,43300,426265,Gaming,2017
1032,Steven Munoz,25000,416452,Entertainment,2017
1033,Rachael Hall,21900,242475,Sports,2017
1034,Zachary Campbell,41100,372230,People & Blogs,2016
1035,Amber Patton,3900,217237,Entertainment,2017
1036,Kayla Williamson,88200,281819,Music,2014
1037,Brenda Murphy,32200,496248,Gaming,2014
1038,Donald Young,88900,251181,Film & Animation,2012
1039,Kristine Jones,23700,278187,Gaming,2015
1040,Mr. Malik Green,11500,491011,Gaming,2012
1041,Morgan Fritz DDS,30300,477315,Education,2018
1042,Kevin Alexander,40900,324607,Music,2015
1043,Lee Jones,52000,85336,Education,2018
1044,Grant Flores,25600,339554,Entertainment,2010
1045,Jason Garcia,51500,330025,People & Blogs,2018
1046,Nicholas Wiggins,96900,294441,People & Blogs,2014
1047,Dustin Faulkner,17400,42311,Shows,2014
1048,Alicia Brady,84500,300588,Music,2011
1049,Monica Torres,12000,159540,Education,2016
1050,Dr. John Taylor,26500,153894,Education,2011
1051,Janice Knight MD,36700,24728,Sports,2017
1052,Michael Harris,93300,113867,Howto & Style,2016
1053,Joe Andrade,77300,405270,Education,2017
1054,Walter Robles,39300,40152,Education,2017
1055,Manuel Smith,76200,344186,Sports,2017
1056,Stephanie Malone,79300,154280,Film & Animation,2019
1057,Jorge Schroeder,79000,47322,Education,2014
1058,Erin Henderson MD,23700,381372,Shows,2016
1059,Rachel Harper,52800,417206,Gaming,2016
1060,John Ramirez,54600,326523,Entertainment,2018
1061,Diana Barajas,79300,349528,Education,2015
1062,Rebecca Holland,77200,66483,Music,2013
1063,Mr. David Hammond Jr.,40700,285770,Film & Animation,2011
1064,Kathleen Gray,3800,30804,Gaming,2011
1065,Ronald Clay,77500,213281,Gaming,2018
1066,Matthew Miller,28800,281205,Education,2019
1067,Kenneth Bradford,17800,416359,Music,2011
1068,Alexandra Smith,15000,131018,Music,2014
1069,Savannah Ray,68900,89453,Howto & Style,2019
1070,Brian Wagner,22800,417437,Entertainment,2012
1071,Carly Anthony,43500,410852,People & Blogs,2019
1072,Alexander Aguilar,12800,491032,People & Blogs,2012
1073,Joseph Robinson,30500,214949,Education,2018
1074,Joseph Wheeler,65800,80498,Film & Animation,2016
1075,Anna Reid,12400,148093,Shows,2010
1076,Olivia Delgado,65400,376546,Entertainment,2019
1077,Laurie Hines,36700,53564,People & Blogs,2019
1078,Daryl Henderson,4700,414071,Education,2018
1079,David Crawford,12600,444947,Shows,2017
1080,Ariel Rosales,36900,474600,Education,2014
1081,Richard Rodriguez,82600,488214,Howto & Style,2012
1082,John Oconnor,94600,52238,Gaming,2014
1083,Craig Hernandez,64900,57009,Music,2018
1084,Daniel Douglas,74500,356231,Shows,2017
1085,Nathaniel Thomas,95900,229520,Music,2013
1086,Julie Rodriguez,81500,307357,Shows,2012
1087,Bonnie Morris,46500,177784,Music,2016
1088,Tara Bowman,15000,69088,Sports,2019
1089,Mr. Alex Mcbride,65800,352077,Sports,2010
1090,Stacey Tran,55200,76030,Music,2019
1091,Joseph Walker,85300,337339,Sports,2016
1092,Cristina Barber,96600,31754,Gaming,2016
1093,Edward Meyer,78300,336096,Entertainment,2018
1094,Anthony Tucker,7200,80234,Film & Animation,2017
1095,Denise Long,15600,441587,People & Blogs,2017
1096,Adam Levine,71600,265283,Gaming,2017
1097,Stephanie Mayer,36800,458214,Education,2019
1098,Renee Tucker,31600,408123,Sports,2016
1099,Thomas Williamson,65300,271379,Film & Animation,2014
1100,Christopher Jones,6700,221589,Sports,2015
1101,David Leonard,16300,449525,Howto & Style,2014
1102,Debra Martinez DDS,17800,130545,Film & Animation,2015
1103,David Herrera,52400,429028,Education,2013
1104,Albert Williams,11400,430379,Education,2016
1105,Kathryn Rhodes,4800,107772,Sports,2014
1106,Mr. Ronald Hughes,63100,371761,Howto & Style,2016
1107,Ronald Jenkins,55400,298500,Education,2016
1108,Stacey Harrell,2100,75967,Entertainment,2013
1109,Cheryl Thomas,23300,491712,Education,2016
1110,Kenneth Lutz,52200,342000,Film & Animation,2015
1111,Edwin Valenzuela,43600,289491,People & Blogs,2016
1112,Thomas Macdonald,48200,250207,Entertainment,2016
1113,David Lee,56500,121977,Education,2017
1114,Drew Johnson,29100,489595,Film & Animation,2017
1115,Francisco Coleman,73400,57811,Shows,2014
1116,Regina Baker,13700,39340,Education,2012
1117,Tamara Herrera,11200,195936,Education,2017
1118,Cynthia Johnson,56700,295338,Howto & Style,2018
1119,Jenna Clark,61500,478401,Music,2010
1120,Joan Newton,1200,335865,Music,2012
1121,John Harrington,89200,490973,Sports,2019
1122,Crystal Mcdaniel,34500,19269,Shows,2014
1123,Chelsea Perez,19000,200351,Sports,2012
1124,Rhonda Campbell,52700,497426,Shows,2013
1125,Wendy Long,70600,205456,Shows,2015
1126,Victoria Horne,38600,191348,Film & Animation,2014
1127,Christopher Brown,60800,481938,Film & Animation,2018
1128,Tracy Wade,54000,496096,Gaming,2010
1129,Miguel Phillips,93400,76831,Sports,2015
1130,Jonathan Myers,21900,325438,Entertainment,2010
1131,Kristina Miller,55700,194719,Film & Animation,2011
1132,Molly Solis,47900,137144,Music,2016
1133,Angel Abbott,94400,58464,Music,2017
1134,Eric West,30500,430989,Education,2015
1135,Tracy Martinez,37600,238844,Howto & Style,2010
1136,Jill Myers,29600,85281,People & Blogs,2013
1137,Travis Nguyen,5600,72852,Entertainment,2011
1138,Alexander Kelly,47500,371935,Howto & Style,2018
1139,Holly Walsh,63600,116287,Sports,2010
1140,Jessica Gray,31100,41743,Education,2013
1141,Miss Angela Jackson,8400,282118,Film & Animation,2015
1142,Michael Glass,36200,178700,Gaming,2017
1143,April Eaton,13800,178138,Gaming,2013
1144,Richard Ochoa,81900,326630,Sports,2015
1145,Brooke Barber,98800,145845,People & Blogs,2015
1146,Kyle Horn,56100,63678,Shows,2012
1147,Samuel Butler,97200,233410,People & Blogs,2010
1148,Paul Duran,59200,86683,Film & Animation,2010
1149,Jordan Long,4000,289541,Entertainment,2010
1150,Manuel Moreno,35100,443069,Music,2016
1151,Janice Arnold,71500,321627,Music,2015
1152,Leon Brady,78700,38945,Education,2011
1153,Robert Schneider,99400,396801,Entertainment,2017
1154,Sabrina Simpson,38900,118342,Shows,2016
1155,Angela Erickson,95700,425528,Shows,2019
1156,Patricia Anderson,93900,381877,Howto & Style,2011
1157,Joseph Lester,37900,357151,Education,2017
1158,Anna Ward,49900,346369,Howto & Style,2013
1159,Stephen Morris,81200,318857,Entertainment,2011
1160,Heather Martin,90100,166476,Education,2018
1161,Alexis Wilson,16800,37003,Education,2017
1162,John Cunningham,46200,208581,Music,2016
1163,Randy Williams,83300,357006,Education,2012
1164,Robert Hudson,58600,77855,Shows,2017
1165,Patricia Gomez,11300,70287,People & Blogs,2018
1166,Jeffrey Griffin,55900,426921,Sports,2018
1167,Michael Lewis,37600,222463,Shows,2014
1168,Jessica Johnson,91100,175065,Music,2016
1169,Monica Mcdonald,29000,473120,Film & Animation,2016
1170,Stephen Jennings,87400,381595,Howto & Style,2011
1171,Andrew Robbins,59600,66082,Education,2012
1172,Laura Snyder,35500,441757,Entertainment,2014
1173,Connie Crawford,21600,359321,Entertainment,2019
1174,Paul Wright,58200,482993,Education,2013
1175,Larry Hunter,35100,122653,Film & Animation,2012
1176,Brooke Savage,96400,286829,Film & Animation,2014
1177,Joshua Moore,72200,398225,Howto & Style,2015
1178,Daniel Stewart,24100,195493,Sports,2015
1179,Lauren Gross,16800,430621,Howto & Style,2015
1180,Dennis Willis,76900,324575,Music,2018
1181,Tyler Moreno,67800,232425,Music,2011
1182,Michaela Gardner,15800,26734,Gaming,2010
1183,Carol Hamilton,72100,35570,Shows,2014
1184,Cody Rowland,40500,263149,Music,2015
1185,Mary Ramirez,25800,364446,Sports,2015
1186,Leslie Lewis,73400,271494,Howto & Style,2016
1187,Jacqueline Herrera,55600,139078,Gaming,2016
1188,Julie Ford,91000,464584,Howto & Style,2019
1189,Justin Miller,3400,326886,Entertainment,2015
1190,Kathleen Owen,10800,294512,Howto & Style,2011
1191,Amanda Edwards,73000,310249,Shows,2013
1192,Mrs. Sabrina Burton,44400,291431,Film & Animation,2015
1193,Matthew Holland,1800,257460,Film & Animation,2018
1194,Taylor Spears,76700,448622,Film & Animation,2018
1195,Monica Graves,71100,77882,Sports,2016
1196,Gabriela Parker,50100,176800,Music,2011
1197,Michael Williams,87400,412311,Shows,2011
1198,Anthony Rodriguez,25500,389859,Education,2017
1199,Robert Ramirez,66700,382401,People & Blogs,2016
1200,Michelle Romero,66900,471737,Howto & Style,2013
1201,Jennifer Taylor,88600,415197,Shows,2012
1202,Timothy Norton,93600,194289,Shows,2011
1203,Keith Dean,84700,15159,Education,2016
1204,Courtney Rice,84300,456847,Gaming,2015
1205,Heather Davis,77200,427914,Education,2019
1206,Stephanie Bennett,42400,238555,Shows,2017
1207,Dylan Ritter,25400,393196,Film & Animation,2017
1208,John Bailey,88600,445581,Howto & Style,2017
1209,Nicole Little,69400,39764,People & Blogs,2012
1210,Nathaniel Shepard,76200,149614,Education,2013
1211,Nathaniel Bell,44700,481068,Film & Animation,2015
1212,Todd Sutton,28800,178177,Sports,2017
1213,Sarah Gregory,11100,98205,Gaming,2015
1214,Christine Thornton,29700,78487,Film & Animation,2014
1215,Jason Faulkner,61200,221159,Shows,2011
1216,Christopher Klein,85700,74634,Entertainment,2017
1217,Dylan Douglas,29300,30443,Entertainment,2018
1218,Yvonne Harrison,35400,431317,Shows,2018
1219,Micheal Blake,47900,261823,Music,2014
1220,Janice Stone,60300,286799,Shows,2011
1221,Derek Cook,87500,97934,Film & Animation,2018
1222,Diane Medina,51000,474882,Shows,2013
1223,Erin Jenkins,86300,463228,Entertainment,2012
1224,Carla Cain,92200,454736,Sports,2019
1225,Cody Fox,44000,223736,People & Blogs,2013
1226,Joshua Wright,95200,417924,Entertainment,2017
1227,Elizabeth Taylor,15500,75883,Shows,2013
1228,Laurie Nelson,5600,183542,Gaming,2010
1229,April Dean,77800,348793,Shows,2018
1230,Rachel Bowers,13300,499201,Howto & Style,2019
1231,Tammy Conley,20900,239674,Sports,2018
1232,Albert Ferguson,78400,268350,Shows,2011
1233,Tanner Pugh,13300,178416,Film & Animation,2019
1234,Lindsay Macias,8500,328881,Education,2017
1235,Daniel Simmons,45400,439734,Education,2018
1236,Kenneth Moore,97100,139770,People & Blogs,2015
1237,Taylor Knight,52500,386853,Music,2015
1238,Elizabeth Frank,24800,350809,Music,2014
1239,Alex Murray,7500,248150,Entertainment,2019
1240,Joel Evans,88900,87143,Sports,2016
1241,Peter Jackson,62300,362312,People & Blogs,2012
1242,Shannon Parker,83700,324942,Sports,2015
1243,Jennifer Brown,74000,428795,People & Blogs,2014
1244,Daniel Morrison,91600,411317,People & Blogs,2013
1245,Monica Chavez,9400,483838,Education,2019
1246,Madison Delgado,7800,138342,Film & Animation,2010
1247,James Gonzalez,29900,19602,Education,2015
1248,Matthew Thomas,49700,152187,Shows,2012
1249,Fernando Wagner,16200,23879,Howto & Style,2014
1250,Aaron Clark,65800,83587,Music,2012
1251,Crystal Anderson,43800,131137,Howto & Style,2010
1252,Sally Johnson,32500,466739,Sports,2015
1253,Jackson Smith,64400,272674,Shows,2019
1254,Ethan Beck,22700,63825,Sports,2014
1255,Patrick Davis,77400,211271,Howto & Style,2018
1256,Elizabeth James,58200,111662,Music,2018
1257,Sabrina Brooks,64800,347359,Education,2013
1258,Andrew Smith,34600,341233,Howto & Style,2013
1259,Spencer Walker,28300,87188,Film & Animation,2018
1260,Candice Hudson,2900,141701,People & Blogs,2010
1261,Rebecca Chung,57500,34022,Sports,2019
1262,Kristin Herrera,91200,244625,Sports,2019
1263,Jessica Phillips,96500,16574,Entertainment,2012
1264,Amanda Carroll,10700,326335,Gaming,2010
1265,Shannon Gomez,58500,60702,Shows,2019
1266,Melissa Phillips,50700,105712,Music,2010
1267,Courtney Fowler,97100,380270,Entertainment,2015
1268,Dennis Tucker,52500,267522,Education,2012
1269,Matthew Murphy,70200,226174,Shows,2011
1270,Tonya Sweeney,26700,267971,Film & Animation,2018
1271,Jesse Frank,53000,76572,Education,2018
1272,Brian Sims,8600,57589,Howto & Style,2017
1273,Alicia Ray,50000,188374,Shows,2013
1274,Vanessa Flores,29600,176033,Gaming,2016
1275,April Steele,45600,187562,Howto & Style,2019
1276,Robert Howell,45500,339890,Entertainment,2019
1277,Thomas Richardson,35600,430356,Entertainment,2018
1278,James Mcgee,13000,178838,Education,2012
1279,Joseph Brooks,2100,316635,Education,2012
1280,Patrick Garcia,57800,201836,Shows,2013
1281,Holly Hughes,24600,379897,Howto & Style,2014
1282,Travis Smith,48500,403611,Education,2015
1283,Tanya Flores,81100,398201,Education,2017
1284,Tonya Becker,18700,28998,Music,2016
1285,Roger Alvarado,22100,232972,Music,2011
1286,Kara Stevens,47900,30947,Entertainment,2013
1287,Amy Davenport DDS,29200,384552,Film & Animation,2015
1288,Douglas Shields,97000,350422,People & Blogs,2015
1289,Tanya Carr,3100,82810,Music,2018
1290,Sherry Gross,6000,482865,People & Blogs,2018
1291,Anthony Crane,80300,407329,Shows,2011
1292,Duane Hartman,16900,454527,Sports,2019
1293,Renee Rodriguez,42700,138282,Education,2010
1294,Cynthia White,86700,413856,Entertainment,2012
1295,Austin Benton,59700,227784,Entertainment,2014
1296,Tonya Wright,53500,265170,Howto & Style,2011
1297,Jordan Bradley,1900,102136,Entertainment,2013
1298,Kim Evans,6100,285372,Howto & Style,2019
1299,Robert Coleman,42300,52283,People & Blogs,2012
1300,Amanda Griffith,92100,462544,Howto & Style,2011
1301,Yvonne Anderson,38100,464149,Shows,2015
1302,Joseph Anderson,68900,256695,Howto & Style,2010
1303,Susan Price,4300,291210,People & Blogs,2011
1304,Krystal Jennings,72200,142846,Education,2014
1305,Isaac Bradshaw,20000,93389,Howto & Style,2017
1306,Cynthia Roach,8800,493806,Gaming,2014
1307,Darlene Johnson,4000,102778,Howto & Style,2011
1308,Amanda Espinoza,87900,473690,Howto & Style,2016
1309,Daniel Jones,38900,211669,Entertainment,2016
1310,Amanda Wong,59600,441453,Sports,2010
1311,Gary Woodward,72900,284627,People & Blogs,2011
1312,Kelsey Alvarez,74700,358704,Music,2011
1313,Elizabeth Johnson,97200,291260,Shows,2018
1314,Jack Ross,76500,286418,Howto & Style,2011
1315,Elizabeth Jones,82500,211437,Howto & Style,2010
1316,Aaron Matthews,40500,25590,Howto & Style,2011
1317,Angela Paul,36900,120624,Sports,2016
1318,Jacob Anderson,57000,235775,Shows,2012
1319,Jennifer Scott,58500,34834,Gaming,2013
1320,William Edwards,44900,321779,Gaming,2015
1321,George Everett,98400,445121,Education,2017
1322,William Rangel,41600,454994,Shows,2019
1323,Kathy Stewart,67300,486361,Shows,2018
1324,Joshua Cole,19200,439248,People & Blogs,2014
1325,Bryan Davies,66500,122968,Music,2014
1326,Troy Pearson,89900,211894,People & Blogs,2016
1327,Mr. Russell Saunders,83700,296256,Music,2010
1328,Diane Bryant,61600,409558,Film & Animation,2013
1329,Brian Wallace,87000,250968,Sports,2011
1330,Jeremy Bailey,11800,415437,Shows,2011
1331,Bryan Simmons,39200,185765,Shows,2014
1332,Loretta Ochoa,6900,222514,Sports,2013
1333,Jeffrey Medina,91500,183356,Education,2014
1334,Dustin Morris,75700,133601,Film & Animation,2010
1335,Dillon Hensley,52200,282016,Shows,2015
1336,Ryan Wilson,68800,427162,Music,2019
1337,Melinda Cameron,36000,479050,Gaming,2014
1338,Jonathan Delgado,61700,26659,Entertainment,2013
1339,Amanda Villarreal,77000,119656,Film & Animation,2018
1340,Justin Martin DDS,36700,387312,Film & Animation,2017
1341,Chase Miller,73700,395832,Howto & Style,2011
1342,Angela Elliott,44600,499693,Music,2013
1343,Amy Dunn,84600,251510,Gaming,2013
1344,Lauren Osborne,63200,383801,Film & Animation,2012
1345,Sergio Potter,69700,280805,Entertainment,2019
1346,Andrew Morgan,19000,129407,Education,2015
1347,Jeffrey Douglas,62800,423425,Shows,2011
1348,David Mcclain,82900,372359,Sports,2017
1349,Robert Nelson,8500,224441,Education,2012
1350,Monique Jones,43000,430761,People & Blogs,2017
1351,Katelyn Robinson,83500,96824,Music,2012
1352,Oscar Green,14800,299686,Music,2018
1353,Gregory Reynolds,31200,36995,Education,2010
1354,Christina Rogers,46200,25900,Gaming,2010
1355,Daniel Mahoney,62800,173024,Sports,2012
1356,Kevin Hall,18900,414029,People & Blogs,2010
1357,Steven Henry,30200,188605,Entertainment,2015
1358,Joseph Stewart,74200,401235,Howto & Style,2016
1359,Mark Terry,24200,384706,People & Blogs,2017
1360,Alexa Yoder,26000,394482,Shows,2019
1361,Jasmin Hernandez,16700,69988,Entertainment,2012
1362,Johnny Case,65900,382263,Entertainment,2011
1363,Sonya Carr,97300,23266,Entertainment,2017
1364,Mr. Jeff Sanders,98500,163775,Sports,2018
1365,Joanne Wood,78500,82804,Howto & Style,2015
1366,Kimberly Thompson,51600,489868,Education,2013
1367,Shannon Patel,46900,167014,People & Blogs,2015
1368,Steven Oneill,66900,249288,Film & Animation,2012
1369,Crystal Hernandez,75800,411023,Film & Animation,2013
1370,Melissa Brown,6500,17305,Film & Animation,2015
1371,Hannah Smith,23700,465469,Gaming,2016
1372,John Maynard,54100,443314,Sports,2014
1373,Megan Larsen,36200,150491,Shows,2019
1374,William Mitchell,73600,28827,Sports,2019
1375,Thomas Smith,53500,97704,Education,2010
1376,Dale Hanson,57800,208157,Gaming,2014
1377,Teresa Herrera,57800,243253,Music,2018
1378,Eric Hart,35600,191293,Shows,2019
1379,Wendy King,10200,302321,Education,2015
1380,Christine Smith,80300,117110,Sports,2012
1381,Shane Brown,65200,30519,Shows,2014
1382,Mark Tate,96200,379194,Entertainment,2011
1383,Barbara Rivera,54100,245494,Howto & Style,2015
1384,Barbara Wong,45600,157315,Howto & Style,2014
1385,Heather Rodriguez,23200,249027,Entertainment,2015
1386,Christopher Lee,28700,328012,Sports,2017
1387,Kaylee Jones,83600,418468,People & Blogs,2010
1388,Christopher Moran,51600,114216,Film & Animation,2017
1389,Tara Schwartz,20600,28247,Gaming,2010
1390,Nicole Hull,1100,50258,Film & Animation,2015
1391,Samantha Calhoun,7900,211016,Entertainment,2012
1392,Joseph Marsh,74800,162467,Shows,2016
1393,Jennifer Jimenez,66700,87920,Howto & Style,2014
1394,Kaitlyn Garcia,49400,73658,People & Blogs,2010
1395,Richard Johnson,44800,345891,Sports,2019
1396,Paul Stewart,66900,367751,Entertainment,2013
1397,Marissa Miller,98800,487818,Music,2014
1398,Jessica Lowe,29900,386311,Howto & Style,2014
1399,Victor Strong,89400,455764,Howto & Style,2014
1400,Gerald Ward,44100,423119,Entertainment,2013
1401,Tara Gomez,11300,489697,Howto & Style,2010
1402,Matthew Serrano,68300,318400,Music,2010
1403,Lorraine Farmer,48900,482232,Film & Animation,2012
1404,Derrick Gomez,30900,83545,People & Blogs,2018
1405,Kathryn Wood,41400,289902,Gaming,2018
1406,Anna Mahoney,68800,120698,Entertainment,2015
1407,Mariah Barnes,43900,463466,Film & Animation,2018
1408,Ryan Turner,95600,255061,Film & Animation,2013
1409,Stephanie Graves,6300,340678,People & Blogs,2017
1410,William Gutierrez,75400,436202,Film & Animation,2016
1411,Elizabeth Gregory,50700,122241,Education,2012
1412,Anthony Whitney,11900,297406,Entertainment,2011
1413,Morgan Phillips,74800,457393,People & Blogs,2017
1414,Mary King,87700,442249,Gaming,2013
1415,Dennis Montoya,49100,450631,Entertainment,2018
1416,Jessica Jones,19800,389734,Gaming,2010
1417,Kenneth Smith,26200,140144,Gaming,2012
1418,Amanda Norman,52000,17190,Howto & Style,2011
1419,James Erickson,37100,353104,Education,2013
1420,Thomas Lee,1200,293878,Gaming,2010
1421,Eric Smith,58400,169149,Gaming,2019
1422,Edward Swanson,7700,246376,People & Blogs,2016
1423,Kelly Lopez,44300,384305,People & Blogs,2016
1424,Sylvia Poole,61700,460273,Entertainment,2016
1425,Mr. Michael Melton,8400,333866,Sports,2013
1426,Jill Williams,60600,387409,Entertainment,2010
1427,Andrew Shelton,90800,360180,Sports,2010
1428,Brianna Knight,7600,192325,Sports,2013
1429,Courtney Arnold,28900,50720,Film & Animation,2016
1430,Denise Cooper,21400,480575,Shows,2018
1431,Sarah Olsen,74400,289048,Film & Animation,2015
1432,Amy Grimes,75800,156127,People & Blogs,2019
1433,Willie Atkins,94000,35599,People & Blogs,2016
1434,Luis Bonilla,99900,131603,Education,2011
1435,Elizabeth Francis MD,45600,409238,Sports,2011
1436,Joshua Martinez,20200,274531,Film & Animation,2019
1437,Tammy Scott,66300,56957,Music,2018
1438,Jenny Ford,92500,425363,Shows,2012
1439,Robert Shields,50600,458075,Gaming,2014
1440,Brandon Jackson,31700,75826,Howto & Style,2011
1441,Alyssa Wilcox,96100,454661,Film & Animation,2015
1442,Anne Wright,30800,348351,Education,2017
1443,Johnny Lewis,35300,243820,Gaming,2019
1444,Jeffrey Clayton,89700,463675,Entertainment,2013
1445,Christy Pena,26300,230013,Shows,2019
1446,Hannah Dixon,40500,184301,Howto & Style,2010
1447,Jodi Boone,92100,451660,Shows,2019
1448,Michael Howell,56700,497667,Gaming,2012
1449,Troy Coleman,13600,117263,Shows,2013
1450,Luis Fox,14100,13031,Shows,2014
1451,Brian Collins,36500,81456,Sports,2013
1452,Stephen Greer,45600,222356,People & Blogs,2010
1453,Angela Taylor,34100,415235,Music,2014
1454,Matthew Moreno,64500,77600,Sports,2011
1455,Michael Vasquez,81100,11015,Film & Animation,2018
1456,Jessica Adams,3700,481438,Howto & Style,2012
1457,Lori Proctor,48400,276974,Film & Animation,2015
1458,Jamie Bell,59300,102234,Film & Animation,2018
1459,Renee Rosales,54000,343193,Shows,2011
1460,William Montoya,28400,427487,Gaming,2016
1461,Jamie Cook,62700,463565,Education,2011
1462,Michelle Gilbert,57600,252106,People & Blogs,2017
1463,Cameron Brown,80000,393957,People & Blogs,2014
1464,Derek Stanton,21000,415729,Gaming,2018
1465,Carlos Bradley,3200,294169,Shows,2011
1466,Kelly Rosario,18000,495223,Entertainment,2012
1467,Mr. Drew Anderson,20800,373099,Music,2019
1468,Rachel Anderson MD,5400,222794,Education,2015
1469,Crystal Jackson,59600,146612,People & Blogs,2010
1470,Leroy Moore,33100,289741,Music,2012
1471,Mrs. Crystal Coleman,66000,241616,People & Blogs,2013
1472,Jason Walker,30000,177166,Sports,2012
1473,Patricia Duncan,1400,354700,Film & Animation,2018
1474,Heather Edwards,48700,305828,Howto & Style,2010
1475,Maria Richardson,93300,20644,Shows,2015
1476,Richard Jensen,78000,166334,People & Blogs,2012
1477,Dr. Vicki Gomez,25800,282652,People & Blogs,2011
1478,Adam Harrison,25700,322733,People & Blogs,2016
1479,Joseph Palmer,29500,327164,Sports,2016
1480,Stephanie Sanchez,31400,203540,Film & Animation,2019
1481,Amber Jones,40000,434927,Gaming,2012
1482,Madison Ferguson,8200,204655,Gaming,2018
1483,Sandra Castillo,49400,311567,Shows,2017
1484,Timothy Campbell,64400,25790,Howto & Style,2011
1485,Christine Brown,69700,408257,Howto & Style,2017
1486,Angela Rivera,77200,465160,Film & Animation,2018
1487,Susan Baldwin,27400,129478,Film & Animation,2018
1488,Charles Adams,40700,332368,Shows,2012
1489,Shannon Gonzalez,66500,161393,Music,2010
1490,Derek Lynn,76200,261658,Shows,2017
1491,Mrs. Katherine Brown,80800,134538,Gaming,2019
1492,Grant Everett,95500,158904,Howto & Style,2011
1493,Jared Bender,12300,385855,Music,2017
1494,Robin Evans,90600,445848,Film & Animation,2016
1495,Debra Rodriguez,8500,263372,Entertainment,2012
1496,Steven Moreno,89600,489771,Music,2016
1497,Rachael Carlson,30600,406506,Gaming,2012
1498,David Smith,72400,206208,Sports,2018
1499,Joseph Hoover,82700,242732,Shows,2017
