real_estate_company,purchaser_id,city,price,sqft,purchase_year
Berkshire Hathaway HomeServices,36030,NV,219107.2,920,2025
Berkshire Hathaway HomeServices,90296,WA,354681.6,980,2025
Compass,82182,NY,472260.0,1000,2024
RE/Max,97403,FL,435000.0,1160,2023
Berkshire Hathaway HomeServices,83936,LA,518976.0,960,2024
Coldwell Banker Real Estate,04021,WA,480147.2,1160,2025
Coldwell Banker Real Estate,34388,CA,495720.0,900,2024
Sotheby International Realty,80976,TX,253531.2,1040,2024
eXp Realty,04013,WA,415800.0,1100,2023
Berkshire Hathaway HomeServices,53033,FL,389232.0,1060,2024
Sotheby International Realty,54882,WA,434470.4,1120,2025
Berkshire Hathaway HomeServices,08451,LA,445536.0,840,2024
Century 21,79162,NV,264139.2,1040,2024
Compass,78713,TX,296524.8,1080,2025
Sotheby International Realty,53321,VA,191817.6,1160,2025
Berkshire Hathaway HomeServices,58850,FL,374544.0,1020,2024
Coldwell Banker Real Estate,57717,IN,110323.2,1020,2025
Coldwell Banker Real Estate,03579,FL,369200.0,1040,2023
Compass,21756,NV,224889.6,1060,2025
"Weichert, Realtors",32267,NY,455520.0,1000,2025
Electronic Realty Associates,11932,OK,137904.0,800,2024
Keller Williams Realty,87244,TX,278320.0,980,2023
RE/Max,71268,OK,168932.4,980,2024
Compass,76002,TX,299696.4,1180,2024
RE/Max,25715,NV,279720.0,1080,2023
"Weichert, Realtors",83770,IN,130998.4,940,2025
EXIT Realty,20753,NV,222705.6,860,2025
Keller Williams Realty,65006,FL,394200.0,1080,2023
Coldwell Banker Real Estate,72934,NY,433540.8,880,2024
Compass,79483,LA,469302.0,860,2024
Keller Williams Realty,93894,VA,167040.0,960,2023
RE/Max,10078,NV,271440.0,1160,2023
Electronic Realty Associates,78101,FL,380000.0,1000,2023
Compass,66693,NY,402960.0,920,2023
Berkshire Hathaway HomeServices,17487,VA,212222.4,1140,2025
Sotheby International Realty,02036,LA,628368.0,1140,2025
eXp Realty,57204,NY,400108.8,840,2025
Berkshire Hathaway HomeServices,49637,NY,421120.0,940,2023
Sotheby International Realty,73080,NY,437465.6,880,2025
Compass,48084,CA,589764.0,1180,2024
RE/Max,61341,NV,258835.2,1020,2025
Electronic Realty Associates,11570,WA,471868.8,1140,2025
RE/Max,80957,VA,186305.6,1060,2025
Coldwell Banker Real Estate,66589,NY,390582.4,820,2025
Keller Williams Realty,41188,TX,294640.0,1160,2023
eXp Realty,77225,WA,393000.0,1000,2023
Keller Williams Realty,34208,NY,484960.0,1120,2023
Sotheby International Realty,43717,IN,153081.6,1120,2024
Electronic Realty Associates,73784,OK,170520.0,980,2023
Sotheby International Realty,40800,CA,515100.0,1020,2023
"Weichert, Realtors",73164,WA,309566.4,820,2025
eXp Realty,48474,TX,242424.0,900,2025
Compass,21806,VA,174990.4,940,2025
Coldwell Banker Real Estate,41184,VA,212284.8,1080,2025
"Weichert, Realtors",19725,NV,268444.8,1080,2025
eXp Realty,47177,CA,588500.0,1100,2023
Coldwell Banker Real Estate,10265,WA,322420.0,940,2023
Electronic Realty Associates,45793,CA,605696.0,1120,2025
Century 21,78437,VA,159000.0,1000,2023
Century 21,55789,FL,358938.0,1020,2024
Compass,65657,LA,495720.0,900,2024
Sotheby International Realty,08698,NV,285292.8,1080,2025
Coldwell Banker Real Estate,04376,IN,97104.0,800,2024
Compass,84481,NV,199555.2,820,2025
Sotheby International Realty,41546,TX,233172.0,900,2024
EXIT Realty,15293,IN,126140.0,1060,2023
Coldwell Banker Real Estate,57214,FL,362100.0,1000,2024
Electronic Realty Associates,87803,NV,208790.4,840,2025
Compass,53202,NV,258960.0,1000,2025
Compass,45192,TX,280030.8,1060,2024
"Weichert, Realtors",12336,VA,205640.0,1060,2023
Sotheby International Realty,07062,LA,625872.0,1180,2025
Compass,31301,OK,135945.6,1120,2024
Compass,41736,LA,428400.0,840,2023
Compass,11988,TX,253780.8,980,2025
Coldwell Banker Real Estate,61131,LA,577800.0,1080,2023
eXp Realty,50961,FL,322500.0,860,2023
"Weichert, Realtors",58780,TX,305572.8,1180,2025
Sotheby International Realty,93001,NY,357408.0,800,2024
Century 21,71461,VA,207039.6,1020,2024
Compass,89355,NY,448473.6,960,2024
Century 21,41479,OK,202675.2,1120,2025
eXp Realty,08684,LA,525300.0,1020,2023
Keller Williams Realty,17347,CA,396000.0,800,2023
Keller Williams Realty,99486,LA,591600.0,1160,2023
Keller Williams Realty,16578,CA,411600.0,840,2023
Compass,10270,NV,258420.0,1180,2023
"Weichert, Realtors",67372,TX,261609.6,1120,2024
RE/Max,81466,VA,119200.0,800,2023
Keller Williams Realty,27912,VA,215158.8,1060,2024
eXp Realty,21446,IN,188510.4,1140,2025
Electronic Realty Associates,61127,VA,209760.0,1140,2023
Century 21,32287,CA,513600.0,960,2023
Coldwell Banker Real Estate,91663,NY,471301.2,1020,2024
Compass,96979,CA,426400.0,820,2025
Compass,42099,NY,476992.8,1080,2024
Berkshire Hathaway HomeServices,23295,NY,468000.0,1000,2023
Electronic Realty Associates,24671,WA,367220.4,940,2024
Century 21,98413,OK,116100.0,900,2023
Compass,33782,LA,468700.0,860,2023
Coldwell Banker Real Estate,38889,LA,578136.0,1040,2024
"Weichert, Realtors",08280,FL,312120.0,900,2024
"Weichert, Realtors",01318,WA,393800.0,1100,2023
Keller Williams Realty,91159,CA,567100.0,1060,2023
Compass,94446,FL,424800.0,1180,2023
EXIT Realty,56403,TX,295920.0,1080,2023
Berkshire Hathaway HomeServices,20479,VA,189883.2,1020,2025
eXp Realty,92502,NY,510411.2,1060,2025
Century 21,80368,OK,150508.8,1080,2025
EXIT Realty,70028,WA,468083.2,1160,2025
Berkshire Hathaway HomeServices,00974,WA,354960.0,1020,2023
EXIT Realty,58627,FL,411800.0,1160,2023
EXIT Realty,18850,VA,165360.0,1040,2023
EXIT Realty,89282,IN,108908.8,880,2025
Electronic Realty Associates,97855,NV,245280.0,1120,2023
Century 21,85868,VA,169280.0,920,2023
Century 21,22353,VA,156956.8,980,2025
RE/Max,61265,TX,209580.8,880,2025
eXp Realty,36752,FL,318648.0,880,2024
Century 21,26050,VA,221936.0,1100,2025
Compass,40967,NV,284900.0,1100,2023
Coldwell Banker Real Estate,43518,VA,207396.8,1180,2025
Compass,93274,OK,141984.0,800,2024
RE/Max,41075,NY,416760.0,920,2023
eXp Realty,47617,NV,299436.8,1180,2025
Keller Williams Realty,64324,NY,416420.0,940,2023
Keller Williams Realty,36216,CA,408000.0,800,2023
Sotheby International Realty,72587,LA,485056.0,880,2025
"Weichert, Realtors",45018,LA,600270.0,1100,2024
Coldwell Banker Real Estate,57314,TX,224420.0,980,2023
"Weichert, Realtors",71942,WA,390080.0,1060,2023
EXIT Realty,18233,IN,110527.2,840,2024
Century 21,16220,VA,135360.0,940,2023
"Weichert, Realtors",15831,IN,130660.0,940,2023
Coldwell Banker Real Estate,95298,VA,151694.4,880,2024
"Weichert, Realtors",31251,NV,247790.4,1140,2025
Compass,60510,FL,364000.0,1040,2023
"Weichert, Realtors",38006,VA,152632.8,860,2024
Coldwell Banker Real Estate,06661,VA,199420.0,1180,2023
Electronic Realty Associates,92519,FL,354200.0,920,2023
Compass,87749,NY,456601.6,980,2025
eXp Realty,11979,LA,610584.0,1140,2025
Century 21,91206,NY,484960.0,1120,2023
Keller Williams Realty,69934,TX,269240.0,1060,2023
Electronic Realty Associates,44285,NV,187353.6,820,2024
Century 21,55752,VA,166566.4,1040,2025
"Weichert, Realtors",58911,NV,214140.0,860,2023
eXp Realty,16971,OK,169646.4,1080,2024
Coldwell Banker Real Estate,10060,LA,443456.0,820,2025
Electronic Realty Associates,69383,IN,118560.0,1140,2023
"Weichert, Realtors",57895,VA,129254.4,880,2024
Century 21,26582,TX,234240.0,960,2023
Sotheby International Realty,89622,CA,548800.0,1120,2023
Berkshire Hathaway HomeServices,72772,FL,433296.0,1180,2024
"Weichert, Realtors",57425,LA,401800.0,820,2023
EXIT Realty,80903,OK,119200.0,800,2023
Compass,91367,TX,214720.0,880,2023
Coldwell Banker Real Estate,62916,OK,127200.0,800,2023
Century 21,11825,NV,220564.8,1060,2024
"Weichert, Realtors",26730,NV,295214.4,1140,2025
Compass,97984,OK,152632.8,860,2024
"Weichert, Realtors",50814,NV,299696.4,1180,2024
Electronic Realty Associates,07612,NY,420076.8,880,2024
EXIT Realty,76069,OK,138600.0,900,2023
eXp Realty,90280,TX,263577.6,960,2025
eXp Realty,17560,IN,122320.0,880,2023
Electronic Realty Associates,65426,TX,295473.6,1020,2024
Century 21,32005,VA,217120.0,1180,2023
Century 21,62736,LA,432600.0,840,2023
Keller Williams Realty,31357,OK,164736.0,1100,2025
RE/Max,58540,IN,118560.0,1140,2023
Century 21,87956,FL,429000.0,1100,2025
eXp Realty,38718,FL,309468.0,820,2024
Electronic Realty Associates,40388,IN,121284.8,980,2025
Century 21,76896,IN,158745.6,960,2025
Keller Williams Realty,59958,VA,139821.6,920,2024
Berkshire Hathaway HomeServices,11242,NV,209000.0,1000,2023
Coldwell Banker Real Estate,31406,OK,127212.8,880,2025
Coldwell Banker Real Estate,73548,VA,154960.0,1000,2025
Berkshire Hathaway HomeServices,71748,NY,503193.6,1080,2025
EXIT Realty,54009,FL,338624.0,880,2025
RE/Max,55220,CA,494496.0,960,2024
Keller Williams Realty,32153,NV,273768.0,1100,2024
eXp Realty,88714,WA,463740.0,1180,2023
"Weichert, Realtors",31665,IN,113403.6,1020,2024
Berkshire Hathaway HomeServices,28178,OK,168667.2,1020,2025
eXp Realty,70459,NY,532562.4,1140,2024
Coldwell Banker Real Estate,76439,NV,214620.0,980,2023
Sotheby International Realty,18841,CA,571200.0,1120,2023
"Weichert, Realtors",37379,WA,413640.0,1080,2023
EXIT Realty,02776,LA,432432.0,840,2025
eXp Realty,08762,OK,173318.4,1180,2024
Sotheby International Realty,82100,IN,106640.0,860,2023
EXIT Realty,90259,NY,508266.0,1100,2024
Sotheby International Realty,99710,CA,584064.0,1040,2025
Berkshire Hathaway HomeServices,17569,OK,116524.8,960,2024
Coldwell Banker Real Estate,69103,CA,530400.0,1020,2025
Compass,69492,OK,125745.6,920,2024
Keller Williams Realty,18725,CA,504192.0,960,2025
Compass,13334,FL,282744.0,840,2024
RE/Max,71311,CA,527904.0,940,2025
Keller Williams Realty,55345,IN,178640.0,1160,2023
RE/Max,94702,NV,250348.8,1180,2025
Compass,91419,NV,234748.8,1080,2025
RE/Max,95050,NV,217360.0,1040,2023
Keller Williams Realty,54329,NY,468057.6,960,2024
Compass,11376,OK,155820.0,980,2023
Coldwell Banker Real Estate,57171,NY,424008.0,900,2025
Sotheby International Realty,33232,OK,144000.0,1000,2023
Century 21,82877,CA,621180.0,1160,2024
Berkshire Hathaway HomeServices,91030,LA,439192.0,820,2025
Sotheby International Realty,69227,VA,168667.2,1020,2025
eXp Realty,97907,NY,501380.0,1060,2023
Century 21,33196,VA,151694.4,880,2024
RE/Max,58047,LA,599500.0,1100,2023
Coldwell Banker Real Estate,51980,NY,444620.0,940,2023
EXIT Realty,49164,VA,150550.4,940,2025
eXp Realty,83989,NY,433368.0,900,2025
Keller Williams Realty,24334,NY,525096.0,1100,2024
eXp Realty,03073,VA,203881.6,1160,2025
RE/Max,25694,WA,353280.0,960,2023
Compass,64444,TX,196940.0,860,2023
Sotheby International Realty,70915,CA,573248.0,1060,2025
Electronic Realty Associates,01049,VA,136782.0,900,2024
RE/Max,25078,NY,486720.0,1040,2023
eXp Realty,49136,NY,497311.2,1020,2024
Compass,67725,NY,412200.0,900,2023
"Weichert, Realtors",24263,FL,312800.0,920,2023
Berkshire Hathaway HomeServices,17632,CA,456248.0,820,2025
eXp Realty,86220,IN,120840.0,1060,2023
Sotheby International Realty,75679,WA,380240.0,980,2023
Keller Williams Realty,65474,IN,108201.6,1020,2024
Keller Williams Realty,63132,IN,133273.2,940,2024
Coldwell Banker Real Estate,32866,LA,442986.0,860,2024
eXp Realty,05323,FL,335000.0,1000,2023
Sotheby International Realty,30623,OK,108360.0,840,2023
Compass,78067,NV,224359.2,940,2024
Keller Williams Realty,02812,IN,135886.4,940,2025
Sotheby International Realty,67940,NV,226840.0,1060,2023
Berkshire Hathaway HomeServices,74881,IN,124321.6,860,2025
Keller Williams Realty,13753,FL,348534.0,1020,2024
Coldwell Banker Real Estate,72173,NV,258585.6,960,2025
Century 21,34818,LA,628992.0,1120,2025
Compass,98043,NV,201062.4,880,2024
Keller Williams Realty,51906,NV,209650.8,860,2024
Electronic Realty Associates,87399,VA,175420.0,980,2023
"Weichert, Realtors",26763,NV,244000.0,1000,2023
Sotheby International Realty,86157,VA,173502.0,900,2024
eXp Realty,89700,OK,177316.8,1060,2024
Electronic Realty Associates,24559,NY,467640.0,1080,2023
Century 21,82670,NY,487177.6,980,2025
Coldwell Banker Real Estate,22986,WA,328182.4,920,2025
EXIT Realty,17305,NY,354400.0,800,2023
Electronic Realty Associates,88751,TX,341822.4,1180,2024
Compass,98093,NV,173971.2,820,2025
Century 21,18129,IN,123012.0,900,2024
Compass,94746,OK,144435.2,1120,2025
eXp Realty,87275,NY,361488.0,800,2024
Century 21,46382,WA,288120.0,840,2023
Century 21,75674,WA,411195.2,1060,2025
Compass,23995,VA,151153.6,860,2025
eXp Realty,49235,VA,234820.0,1180,2023
Keller Williams Realty,39265,LA,578760.0,1060,2025
Electronic Realty Associates,02317,WA,372463.2,1020,2024
"Weichert, Realtors",58675,CA,441252.0,840,2024
Berkshire Hathaway HomeServices,35038,NV,183334.8,860,2024
Century 21,00812,FL,411800.0,1160,2023
"Weichert, Realtors",61626,WA,381240.0,1080,2023
Electronic Realty Associates,45348,VA,163934.4,980,2024
"Weichert, Realtors",04747,NY,428688.0,900,2025
Keller Williams Realty,13571,TX,228633.6,960,2025
Berkshire Hathaway HomeServices,03512,FL,364416.0,960,2025
Keller Williams Realty,11507,TX,243902.4,980,2024
Century 21,71725,LA,619854.0,1180,2024
Electronic Realty Associates,94853,WA,466996.8,1180,2024
Berkshire Hathaway HomeServices,53853,LA,572000.0,1100,2025
"Weichert, Realtors",88182,TX,243360.0,1040,2023
Keller Williams Realty,65568,TX,214720.0,880,2023
Coldwell Banker Real Estate,00865,TX,233906.4,980,2024
RE/Max,58778,NV,253531.2,1040,2024
Electronic Realty Associates,52497,VA,180835.2,920,2025
Electronic Realty Associates,15395,IN,162052.8,980,2025
Century 21,78948,OK,144000.0,1000,2023
Berkshire Hathaway HomeServices,84431,LA,422300.0,820,2023
Century 21,45004,CA,589764.0,1180,2024
Century 21,95463,NY,432826.8,980,2024
"Weichert, Realtors",33877,VA,127200.0,800,2023
Coldwell Banker Real Estate,37123,NV,237744.0,900,2025
Century 21,94205,WA,360640.0,980,2023
Berkshire Hathaway HomeServices,70648,NV,237211.2,1140,2024
Compass,03244,VA,152640.0,1060,2023
Electronic Realty Associates,97982,WA,340761.6,960,2024
Berkshire Hathaway HomeServices,85720,LA,491400.0,900,2025
Coldwell Banker Real Estate,28048,FL,329472.0,880,2025
Keller Williams Realty,66270,CA,567528.0,1020,2025
EXIT Realty,84989,FL,418900.0,1180,2023
Coldwell Banker Real Estate,90987,TX,269240.0,1060,2023
Sotheby International Realty,35918,LA,454272.0,840,2025
Sotheby International Realty,13264,VA,183080.0,920,2023
Berkshire Hathaway HomeServices,36615,LA,405900.0,820,2023
Compass,78206,VA,158304.0,800,2024
Century 21,54964,IN,86985.6,820,2024
Berkshire Hathaway HomeServices,14261,IN,128793.6,960,2025
Century 21,28242,WA,312180.0,860,2023
RE/Max,02128,WA,383000.0,1000,2023
RE/Max,88996,NY,473000.0,1000,2023
RE/Max,99844,WA,422198.4,1020,2025
Electronic Realty Associates,60300,WA,327641.6,880,2025
Berkshire Hathaway HomeServices,80694,OK,189820.8,1080,2025
Sotheby International Realty,10921,NY,497577.6,1080,2025
Century 21,65092,CA,610584.0,1140,2025
Keller Williams Realty,14213,LA,489600.0,960,2023
Sotheby International Realty,12778,VA,201052.8,1080,2025
eXp Realty,04068,NY,541905.6,1160,2024
eXp Realty,46825,IN,92955.2,820,2025
Century 21,01607,OK,144435.2,1120,2025
Coldwell Banker Real Estate,96891,VA,177357.6,920,2024
Berkshire Hathaway HomeServices,79494,IN,167689.6,1160,2025
Century 21,10421,FL,362100.0,1020,2023
RE/Max,86178,VA,207039.6,1020,2024
EXIT Realty,23876,TX,219960.0,940,2023
Coldwell Banker Real Estate,23975,TX,244000.0,1000,2023
Keller Williams Realty,19163,CA,566500.0,1100,2023
"Weichert, Realtors",36455,LA,594048.0,1120,2025
"Weichert, Realtors",63911,NY,414294.4,920,2025
Sotheby International Realty,32696,TX,227968.0,800,2025
eXp Realty,48327,LA,510120.0,900,2025
Keller Williams Realty,84191,NV,204422.4,840,2025
Keller Williams Realty,44959,TX,290842.8,1060,2024
eXp Realty,15338,IN,136697.6,1060,2025
eXp Realty,74138,NY,381888.0,800,2024
Compass,93154,LA,504000.0,960,2023
Keller Williams Realty,45755,TX,251532.0,900,2024
Sotheby International Realty,99168,OK,133920.0,1080,2023
RE/Max,62815,LA,551412.0,1060,2024
Sotheby International Realty,85644,NY,434214.0,900,2024
Compass,31343,CA,478074.0,860,2024
eXp Realty,48363,LA,613836.0,1180,2024
EXIT Realty,81248,VA,206294.4,1140,2025
"Weichert, Realtors",67853,NV,220564.8,1060,2024
Keller Williams Realty,25879,IN,144513.6,920,2024
eXp Realty,60559,FL,392496.0,1040,2024
eXp Realty,06445,TX,279720.0,1080,2023
eXp Realty,98697,LA,619500.0,1180,2023
eXp Realty,98487,WA,406560.0,1120,2023
Berkshire Hathaway HomeServices,27969,IN,122636.8,880,2025
Electronic Realty Associates,20224,NV,209664.0,900,2025
Keller Williams Realty,65902,CA,562224.0,1060,2025
Berkshire Hathaway HomeServices,77597,WA,342534.4,920,2025
Keller Williams Realty,85377,VA,205795.2,1040,2024
Keller Williams Realty,91031,FL,305286.0,820,2024
EXIT Realty,61975,VA,132288.0,800,2025
"Weichert, Realtors",54180,TX,244240.0,860,2023
eXp Realty,85340,NV,231462.4,1040,2025
Century 21,32048,VA,128128.0,800,2025
Berkshire Hathaway HomeServices,23179,NY,540355.2,1120,2024
Compass,29921,WA,406560.0,1120,2023
EXIT Realty,75460,IN,116259.6,820,2024
EXIT Realty,76556,VA,147200.0,800,2023
Electronic Realty Associates,03288,IN,139000.0,1000,2023
Century 21,89537,CA,583200.0,1080,2023
Sotheby International Realty,62894,TX,243535.2,940,2024
EXIT Realty,80094,NY,466793.6,980,2025
Keller Williams Realty,52409,VA,136448.0,800,2025
Berkshire Hathaway HomeServices,41642,WA,343160.0,920,2023
Sotheby International Realty,99089,TX,234060.0,940,2023
Coldwell Banker Real Estate,19660,NY,506001.6,1060,2024
eXp Realty,82187,WA,378000.0,1000,2023
Electronic Realty Associates,63749,TX,232478.4,880,2024
"Weichert, Realtors",91499,OK,155815.2,1140,2024
eXp Realty,41058,OK,131185.6,1060,2025
Keller Williams Realty,59161,LA,530400.0,1020,2023
Electronic Realty Associates,04449,FL,335000.0,1000,2023
Keller Williams Realty,78914,TX,258240.0,960,2023
"Weichert, Realtors",42371,VA,131788.8,880,2025
"Weichert, Realtors",00631,NY,471827.2,1060,2025
Electronic Realty Associates,74713,NY,415380.0,860,2023
Century 21,50759,NV,182208.0,800,2025
"Weichert, Realtors",26974,IN,132480.0,920,2023
"Weichert, Realtors",25123,OK,179275.2,1040,2024
RE/Max,30426,VA,164000.0,1000,2023
Keller Williams Realty,19449,LA,499800.0,980,2023
Keller Williams Realty,84143,OK,137080.0,920,2023
EXIT Realty,08660,NY,501760.0,1120,2023
Berkshire Hathaway HomeServices,57984,WA,391020.0,1140,2023
Coldwell Banker Real Estate,19523,NY,506680.0,1060,2023
"Weichert, Realtors",43211,OK,177340.8,980,2025
Sotheby International Realty,59792,IN,116100.0,900,2023
Keller Williams Realty,52295,VA,144799.2,840,2024
Keller Williams Realty,06870,CA,570000.0,1140,2023
Electronic Realty Associates,59557,LA,561800.0,1060,2023
Sotheby International Realty,34280,NV,249000.0,1000,2023
Century 21,37932,LA,588336.0,1120,2024
Electronic Realty Associates,14778,WA,298166.4,840,2024
Keller Williams Realty,72581,OK,134000.0,1000,2023
Electronic Realty Associates,96476,CA,611490.0,1100,2024
eXp Realty,46700,NV,206100.0,900,2023
RE/Max,26515,IN,126140.0,1060,2023
Century 21,37912,IN,119040.0,960,2023
Electronic Realty Associates,04683,FL,398112.0,1160,2025
RE/Max,84175,NY,381040.0,880,2023
Berkshire Hathaway HomeServices,58795,CA,551200.0,1040,2023
EXIT Realty,49744,NV,170544.0,800,2024
RE/Max,17855,TX,257774.4,1080,2024
Keller Williams Realty,73385,WA,420992.0,1100,2025
"Weichert, Realtors",96059,CA,584064.0,1040,2025
Electronic Realty Associates,75818,NY,546832.0,1100,2025
Compass,10199,NV,250185.6,1120,2024
Keller Williams Realty,73771,CA,456144.0,860,2024
RE/Max,59299,TX,258720.0,980,2023
Keller Williams Realty,92527,TX,312040.0,1160,2023
eXp Realty,70139,WA,415272.0,1100,2025
EXIT Realty,08902,IN,118891.2,940,2024
Berkshire Hathaway HomeServices,91057,FL,316800.0,880,2023
EXIT Realty,36971,NY,393536.0,800,2025
RE/Max,58751,OK,141360.0,1140,2023
eXp Realty,11714,NY,478440.0,1080,2023
Berkshire Hathaway HomeServices,05785,OK,136108.8,960,2024
Berkshire Hathaway HomeServices,07341,IN,170580.8,1180,2025
Sotheby International Realty,82387,FL,392200.0,1060,2023
Century 21,32688,VA,221977.6,1160,2025
Century 21,74622,CA,595296.0,1080,2025
Berkshire Hathaway HomeServices,11788,TX,307060.8,1060,2024
Sotheby International Realty,65669,FL,297840.0,800,2024
Electronic Realty Associates,12563,TX,228908.4,980,2024
"Weichert, Realtors",77316,LA,502320.0,920,2025
Sotheby International Realty,40407,NY,476503.2,1020,2024
Coldwell Banker Real Estate,95542,WA,306779.2,860,2025
Century 21,72088,LA,535392.0,1040,2025
Sotheby International Realty,13473,NY,550620.0,1140,2023
Berkshire Hathaway HomeServices,40918,OK,169000.0,1000,2023
Keller Williams Realty,49099,WA,328868.4,940,2024
Berkshire Hathaway HomeServices,97414,CA,589050.0,1100,2024
Century 21,93026,VA,144768.0,800,2025
Electronic Realty Associates,87041,LA,535500.0,1020,2023
Berkshire Hathaway HomeServices,54438,VA,150144.0,800,2024
RE/Max,16170,NV,231120.0,1080,2023
Electronic Realty Associates,43983,FL,326400.0,960,2023
Compass,84452,WA,384780.0,1060,2023
Century 21,64268,NV,195717.6,820,2024
Century 21,15649,TX,278553.6,960,2025
Berkshire Hathaway HomeServices,97749,OK,121380.0,1020,2023
Keller Williams Realty,40479,LA,430500.0,820,2023
Keller Williams Realty,48685,NY,485480.0,1060,2023
Berkshire Hathaway HomeServices,65983,VA,197880.0,1000,2024
eXp Realty,19563,FL,355680.0,900,2025
Sotheby International Realty,85762,NV,218280.0,1000,2024
RE/Max,54581,NY,504532.8,1080,2024
"Weichert, Realtors",55576,WA,367848.0,900,2025
Compass,17288,WA,360060.0,1020,2023
Century 21,41757,IN,152172.8,1180,2025
RE/Max,82432,NY,413212.8,840,2025
Compass,45574,CA,599200.0,1120,2023
Coldwell Banker Real Estate,49105,VA,199960.8,1160,2024
RE/Max,68878,CA,643926.0,1180,2024
"Weichert, Realtors",87680,FL,441864.0,1140,2024
Berkshire Hathaway HomeServices,58123,FL,407888.0,1060,2025
Electronic Realty Associates,06013,OK,173555.2,1120,2025
Century 21,11777,TX,243045.6,920,2024
RE/Max,04410,NY,383760.0,820,2023
Berkshire Hathaway HomeServices,35146,NV,250536.0,1100,2025
Sotheby International Realty,77562,IN,116812.8,1080,2025
RE/Max,87371,NY,382400.0,800,2023
Century 21,79607,FL,268000.0,800,2023
EXIT Realty,23131,FL,367200.0,1020,2023
eXp Realty,38803,NV,195187.2,920,2025
Coldwell Banker Real Estate,84491,IN,107100.0,900,2023
EXIT Realty,37378,IN,99590.4,840,2025
Century 21,84676,TX,201240.0,860,2023
Century 21,71949,NV,227760.0,1000,2025
Keller Williams Realty,35524,FL,360672.0,1040,2024
eXp Realty,87830,VA,207039.6,1020,2024
"Weichert, Realtors",10236,FL,282900.0,820,2023
eXp Realty,09755,CA,550800.0,1080,2023
Coldwell Banker Real Estate,81488,CA,483276.0,920,2024
eXp Realty,75663,VA,169707.2,820,2025
Century 21,26223,NV,209840.0,860,2023
RE/Max,83139,CA,422382.0,820,2024
Electronic Realty Associates,55573,WA,394659.2,1060,2025
Century 21,15023,WA,335150.4,820,2025
Coldwell Banker Real Estate,86452,NV,191760.0,940,2023
Berkshire Hathaway HomeServices,51661,FL,415140.0,1100,2024
Century 21,16994,FL,397800.0,1020,2025
Coldwell Banker Real Estate,11172,VA,178928.4,980,2024
EXIT Realty,16659,VA,137779.2,920,2025
"Weichert, Realtors",70329,FL,418608.0,1080,2024
RE/Max,76918,NV,233376.0,1100,2025
Coldwell Banker Real Estate,55090,FL,394638.0,1060,2024
Century 21,99198,WA,370137.6,960,2024
Compass,97603,CA,534100.0,980,2023
eXp Realty,29627,LA,477000.0,900,2023
Compass,56167,WA,369532.8,940,2025
Coldwell Banker Real Estate,67613,CA,595900.0,1180,2023
Berkshire Hathaway HomeServices,41968,LA,560000.0,1120,2023
RE/Max,65237,NV,196207.2,840,2024
Compass,47918,IN,164020.0,1180,2023
Sotheby International Realty,27284,VA,151153.6,860,2025
EXIT Realty,49977,VA,177316.8,1060,2024
Century 21,28991,FL,440800.0,1160,2023
EXIT Realty,96053,CA,525200.0,1040,2023
Century 21,76535,VA,153504.0,900,2025
Century 21,18592,TX,252720.0,1080,2023
EXIT Realty,96172,WA,388000.0,1000,2023
Coldwell Banker Real Estate,35940,VA,156374.4,840,2025
Berkshire Hathaway HomeServices,52614,CA,551412.0,1020,2024
Coldwell Banker Real Estate,34240,WA,357632.4,940,2024
Keller Williams Realty,23027,IN,156124.8,1080,2025
Electronic Realty Associates,96825,WA,403520.0,1040,2023
Berkshire Hathaway HomeServices,31274,NY,506409.6,1160,2024
Coldwell Banker Real Estate,54564,OK,197849.6,1160,2025
"Weichert, Realtors",90398,OK,145516.8,880,2025
Sotheby International Realty,94136,NY,394128.0,800,2024
Coldwell Banker Real Estate,14028,TX,228600.0,900,2023
RE/Max,15840,NY,521056.8,1080,2024
EXIT Realty,18928,NY,474880.0,1060,2023
Century 21,88643,FL,400400.0,1100,2025
EXIT Realty,09828,LA,444400.0,880,2023
Berkshire Hathaway HomeServices,26347,CA,640224.0,1140,2025
Century 21,30440,NY,504532.8,1080,2024
Berkshire Hathaway HomeServices,21383,WA,419660.8,1040,2025
Coldwell Banker Real Estate,49050,NV,273768.0,1100,2024
"Weichert, Realtors",10884,FL,351624.0,980,2025
Compass,34362,LA,469302.0,860,2024
Compass,74775,WA,301038.4,820,2025
Sotheby International Realty,67603,OK,130166.4,840,2025
eXp Realty,72506,NV,213914.4,980,2024
RE/Max,42489,FL,426816.0,1080,2025
"Weichert, Realtors",35182,NV,221540.0,1060,2023
"Weichert, Realtors",61078,FL,405600.0,1040,2025
Coldwell Banker Real Estate,16226,WA,309120.0,840,2023
eXp Realty,76474,LA,418200.0,820,2024
EXIT Realty,47464,FL,339660.0,900,2024
Compass,93269,TX,262163.2,920,2025
Sotheby International Realty,05748,LA,500000.0,1000,2023
Century 21,76426,FL,424424.0,1060,2025
EXIT Realty,66713,VA,129744.0,800,2024
Compass,63794,VA,147206.4,880,2024
Electronic Realty Associates,63705,OK,127067.2,820,2025
Sotheby International Realty,04826,VA,160670.4,880,2024
Century 21,02251,LA,509600.0,980,2023
RE/Max,48814,OK,119040.0,960,2023
Electronic Realty Associates,98271,LA,605696.0,1120,2025
Electronic Realty Associates,98186,WA,317520.0,840,2023
RE/Max,67858,TX,251532.0,900,2024
Century 21,23349,VA,152131.2,920,2025
Compass,57299,NY,468000.0,1000,2023
Century 21,11709,OK,107895.6,820,2024
eXp Realty,32217,NV,301683.2,1120,2025
Compass,75510,TX,246942.0,900,2024
Coldwell Banker Real Estate,76073,TX,248640.0,960,2023
Coldwell Banker Real Estate,80547,OK,109880.0,820,2023
EXIT Realty,35668,LA,544782.0,980,2024
Century 21,93268,OK,108326.4,840,2025
Berkshire Hathaway HomeServices,13394,OK,205320.0,1180,2023
Century 21,22227,NY,433368.0,900,2025
RE/Max,46165,FL,358800.0,1040,2023
Compass,38701,TX,219585.6,920,2024
RE/Max,90889,LA,594864.0,1080,2024
Berkshire Hathaway HomeServices,26788,CA,586872.0,1140,2025
Compass,08129,WA,314874.0,900,2024
Compass,76181,NV,215280.0,920,2023
Sotheby International Realty,11039,TX,214156.8,880,2025
Compass,79620,VA,131331.2,820,2025
Electronic Realty Associates,81640,NY,563284.8,1180,2024
Century 21,80996,LA,580944.0,1140,2025
Compass,15697,CA,601328.0,1180,2025
eXp Realty,50054,CA,475200.0,880,2023
Berkshire Hathaway HomeServices,38243,WA,375360.0,1020,2023
Berkshire Hathaway HomeServices,71807,WA,331255.2,920,2024
eXp Realty,74656,VA,160160.0,1000,2025
Compass,29818,VA,142861.2,940,2024
Berkshire Hathaway HomeServices,02424,CA,535704.0,1020,2025
Sotheby International Realty,06094,TX,283723.2,1140,2024
Electronic Realty Associates,29051,LA,415800.0,840,2023
Berkshire Hathaway HomeServices,29239,VA,177660.0,940,2023
RE/Max,57532,LA,520000.0,1000,2025
EXIT Realty,54866,VA,234820.0,1180,2023
Sotheby International Realty,77149,FL,381600.0,1060,2023
EXIT Realty,52094,TX,272095.2,1140,2024
Electronic Realty Associates,08506,OK,155680.0,1120,2023
Compass,95106,NV,226262.4,840,2025
RE/Max,79026,CA,445536.0,840,2024
Coldwell Banker Real Estate,45845,CA,462264.0,880,2024
EXIT Realty,16086,CA,604656.0,1140,2024
Compass,23127,FL,360672.0,1020,2025
Coldwell Banker Real Estate,11368,FL,413504.0,1120,2025
eXp Realty,74802,IN,111180.0,1020,2023
Sotheby International Realty,56838,WA,360640.0,980,2023
RE/Max,40404,LA,416000.0,800,2023
Electronic Realty Associates,09302,OK,116334.4,940,2025
Berkshire Hathaway HomeServices,66927,NY,509300.0,1100,2023
RE/Max,52160,TX,200054.4,840,2025
Coldwell Banker Real Estate,73395,IN,143228.4,1180,2024
Keller Williams Realty,34804,IN,149760.0,1000,2025
"Weichert, Realtors",63260,WA,430185.6,1080,2025
EXIT Realty,52477,CA,428480.0,800,2025
eXp Realty,09473,FL,369200.0,1000,2025
"Weichert, Realtors",02254,TX,242352.0,900,2024
RE/Max,22708,WA,405960.0,1000,2024
EXIT Realty,30795,OK,139920.0,880,2023
"Weichert, Realtors",56626,LA,447372.0,860,2024
RE/Max,76267,NV,256484.8,1180,2025
Electronic Realty Associates,50840,IN,168667.2,1020,2025
Compass,26848,NV,250348.8,1180,2025
RE/Max,13458,IN,130998.4,940,2025
"Weichert, Realtors",27648,LA,499200.0,960,2023
Sotheby International Realty,54423,CA,589356.0,1080,2024
Electronic Realty Associates,49801,LA,464916.0,860,2024
Keller Williams Realty,17509,IN,134784.0,900,2025
Compass,10603,NV,253531.2,1040,2024
eXp Realty,78254,VA,211220.0,1180,2023
Electronic Realty Associates,71404,TX,247811.2,920,2025
Sotheby International Realty,88488,CA,599760.0,1120,2024
Electronic Realty Associates,85088,TX,204422.4,840,2025
Coldwell Banker Real Estate,44999,IN,164020.0,1180,2023
"Weichert, Realtors",47390,WA,407286.0,1100,2024
eXp Realty,58788,CA,555464.0,980,2025
"Weichert, Realtors",24811,CA,509796.0,980,2024
Berkshire Hathaway HomeServices,66234,OK,173930.4,980,2024
Keller Williams Realty,31012,WA,419040.0,1080,2023
Keller Williams Realty,98818,LA,439110.0,820,2024
EXIT Realty,87062,IN,94848.0,800,2025
Electronic Realty Associates,05272,CA,447200.0,860,2025
"Weichert, Realtors",28493,LA,540800.0,1040,2025
"Weichert, Realtors",62334,NY,410529.6,860,2024
Electronic Realty Associates,25334,NV,266281.2,1140,2024
RE/Max,00527,FL,356592.0,920,2024
Electronic Realty Associates,57083,LA,606528.0,1080,2025
EXIT Realty,83789,FL,369304.0,1060,2025
Berkshire Hathaway HomeServices,54713,OK,105264.0,800,2024
eXp Realty,16694,WA,302450.4,840,2024
Keller Williams Realty,25569,VA,188924.4,980,2024
eXp Realty,29888,TX,233906.4,980,2024
"Weichert, Realtors",03344,NY,402480.0,860,2023
Keller Williams Realty,22012,OK,126316.8,960,2024
"Weichert, Realtors",56120,VA,202675.2,1120,2025
eXp Realty,35705,IN,131320.0,980,2023
Electronic Realty Associates,10880,OK,169920.0,1180,2023
RE/Max,43775,IN,127200.0,800,2023
Century 21,67619,IN,167300.4,1180,2024
EXIT Realty,33299,WA,394372.8,1080,2024
Keller Williams Realty,31979,IN,94848.0,800,2025
"Weichert, Realtors",94368,NY,356096.0,800,2025
Compass,65025,TX,323768.4,1180,2024
Century 21,33775,VA,142563.2,920,2025
Keller Williams Realty,40034,LA,588500.0,1100,2023
Sotheby International Realty,92031,FL,417560.0,1100,2025
Electronic Realty Associates,25432,TX,311520.0,1180,2023
EXIT Realty,50461,IN,158936.4,980,2024
Compass,11751,NV,244473.6,1120,2024
"Weichert, Realtors",00970,OK,149760.0,1040,2023
eXp Realty,42214,CA,489600.0,960,2023
Electronic Realty Associates,33279,NV,192600.0,900,2023
Century 21,57749,WA,416404.8,1080,2024
EXIT Realty,94003,CA,454410.0,900,2024
Sotheby International Realty,64212,WA,376257.6,1060,2024
Berkshire Hathaway HomeServices,12396,OK,145533.6,820,2024
"Weichert, Realtors",56356,CA,505000.0,1000,2023
EXIT Realty,27716,VA,156915.2,920,2025
Coldwell Banker Real Estate,27714,FL,444600.0,1140,2025
Keller Williams Realty,37073,FL,362304.0,960,2024
Keller Williams Realty,30924,CA,442728.0,860,2025
Electronic Realty Associates,22881,CA,507104.0,920,2025
Coldwell Banker Real Estate,43693,LA,416000.0,800,2023
Electronic Realty Associates,33054,IN,153296.0,1100,2025
Compass,83857,TX,219024.0,900,2025
Century 21,00624,LA,550800.0,1080,2024
Electronic Realty Associates,19480,OK,116361.6,920,2024
Berkshire Hathaway HomeServices,23582,CA,504900.0,1000,2024
Electronic Realty Associates,87722,OK,123427.2,920,2025
Coldwell Banker Real Estate,14791,TX,301593.6,1120,2024
Century 21,21325,IN,134211.6,1020,2024
Century 21,64569,FL,315536.0,820,2025
"Weichert, Realtors",02354,CA,582400.0,1120,2025
eXp Realty,39386,WA,358080.0,960,2023
Compass,05071,NV,250348.8,1180,2025
Electronic Realty Associates,97595,WA,362880.0,960,2023
eXp Realty,58139,VA,117504.0,800,2024
"Weichert, Realtors",87889,WA,347443.2,960,2025
EXIT Realty,35304,WA,335150.4,820,2025
RE/Max,09211,CA,514794.0,980,2024
Sotheby International Realty,09860,LA,555900.0,1000,2024
eXp Realty,81270,NV,186700.8,880,2025
Keller Williams Realty,99549,LA,540176.0,980,2025
Coldwell Banker Real Estate,19061,NY,444360.0,920,2023
EXIT Realty,49219,VA,137904.0,800,2024
"Weichert, Realtors",92231,NV,258406.8,1060,2024
Berkshire Hathaway HomeServices,34908,CA,668824.0,1180,2025
EXIT Realty,84859,LA,503370.0,940,2024
"Weichert, Realtors",86536,OK,144000.0,1000,2023
Coldwell Banker Real Estate,85792,NV,283040.0,1160,2023
EXIT Realty,14739,OK,112694.4,840,2025
Sotheby International Realty,90156,TX,306880.0,1120,2023
Keller Williams Realty,84116,WA,424440.0,1080,2023
Keller Williams Realty,44177,NV,203184.0,800,2024
Electronic Realty Associates,42638,CA,462176.0,880,2025
RE/Max,73392,WA,430317.6,1060,2024
Berkshire Hathaway HomeServices,80029,FL,315792.0,860,2024
Keller Williams Realty,18232,OK,113424.0,800,2024
Sotheby International Realty,88276,NY,419161.6,880,2025
Electronic Realty Associates,63876,LA,459000.0,900,2023
eXp Realty,97926,WA,299280.0,860,2023
EXIT Realty,26020,NY,414915.6,860,2024
eXp Realty,32668,FL,320528.0,920,2025
Coldwell Banker Real Estate,73477,NY,398700.0,900,2023
eXp Realty,32091,CA,428480.0,800,2025
EXIT Realty,14881,CA,556818.0,1060,2024
Berkshire Hathaway HomeServices,97706,VA,183705.6,960,2025
"Weichert, Realtors",42432,LA,559776.0,1120,2024
"Weichert, Realtors",23390,IN,163240.0,1060,2023
EXIT Realty,42301,NV,284480.0,1120,2023
Century 21,97157,VA,221977.6,1160,2025
eXp Realty,92107,WA,326563.2,920,2024
Keller Williams Realty,02423,TX,209840.0,860,2023
Electronic Realty Associates,64964,OK,131539.2,1040,2024
EXIT Realty,91463,NV,204755.2,920,2025
Century 21,66841,LA,555900.0,1020,2023
EXIT Realty,10870,OK,133946.4,980,2024
Coldwell Banker Real Estate,52186,IN,97675.2,840,2024
"Weichert, Realtors",62442,FL,355368.0,1040,2024
"Weichert, Realtors",52105,OK,169000.0,1000,2023
Electronic Realty Associates,81347,OK,144435.2,1120,2025
Electronic Realty Associates,03033,IN,117850.8,1060,2024
Berkshire Hathaway HomeServices,04331,CA,545700.0,1000,2024
Coldwell Banker Real Estate,47056,TX,195291.2,820,2025
Sotheby International Realty,76682,FL,323136.0,960,2024
Compass,43545,VA,152640.0,960,2023
Sotheby International Realty,73381,WA,350840.0,980,2023
Coldwell Banker Real Estate,24437,NV,217360.0,1000,2025
EXIT Realty,16117,VA,183926.4,980,2024
RE/Max,82485,TX,271502.4,1140,2025
Coldwell Banker Real Estate,73801,OK,145962.0,900,2024
EXIT Realty,28368,LA,595782.0,1180,2024
Keller Williams Realty,73054,OK,139200.0,800,2023
Sotheby International Realty,02624,IN,150259.2,1120,2025
Compass,75868,IN,136598.4,1080,2024
Century 21,64773,WA,335316.8,940,2025
Sotheby International Realty,15263,IN,149760.0,1000,2025
Berkshire Hathaway HomeServices,04044,LA,465300.0,940,2023
eXp Realty,57934,VA,185068.8,960,2024
Sotheby International Realty,80603,WA,356857.2,1020,2024
Coldwell Banker Real Estate,04496,NV,233680.0,920,2023
Century 21,96565,NV,237619.2,1120,2025
"Weichert, Realtors",03787,IN,110323.2,1040,2024
Compass,23219,NV,214036.8,860,2024
Century 21,44947,NV,264320.0,1180,2023
EXIT Realty,15064,CA,447720.0,820,2025
Sotheby International Realty,68528,NY,489964.8,1040,2025
RE/Max,01656,FL,287000.0,820,2023
Century 21,37645,FL,312120.0,900,2024
Compass,14131,NY,443924.4,940,2024
Compass,84122,TX,228758.4,940,2025
Century 21,60673,CA,462000.0,880,2023
Berkshire Hathaway HomeServices,12769,FL,308000.0,800,2023
Sotheby International Realty,25972,FL,386400.0,1120,2023
Compass,91342,IN,95680.0,920,2023
Compass,90293,WA,463881.6,1180,2025
Compass,90635,IN,131192.4,1180,2024
Coldwell Banker Real Estate,74093,NY,488008.8,1080,2024
"Weichert, Realtors",11562,TX,269280.0,1000,2024
RE/Max,08335,IN,137210.4,1180,2024
Berkshire Hathaway HomeServices,31148,LA,530400.0,1000,2024
Century 21,65106,FL,269280.0,800,2024
Sotheby International Realty,47327,IN,104291.2,920,2025
Electronic Realty Associates,42331,OK,133280.0,1120,2023
Electronic Realty Associates,67818,TX,238680.0,1000,2024
eXp Realty,85276,CA,491400.0,900,2025
Keller Williams Realty,77758,NY,473000.0,1000,2023
Compass,65308,FL,323400.0,840,2023
Berkshire Hathaway HomeServices,94553,OK,176296.8,1160,2024
Coldwell Banker Real Estate,11578,CA,627912.0,1140,2024
Electronic Realty Associates,21957,NY,482851.2,1060,2025
Keller Williams Realty,41175,WA,357427.2,960,2025
"Weichert, Realtors",09835,LA,545000.0,1000,2023
eXp Realty,96985,IN,151860.8,980,2025
EXIT Realty,88515,FL,301500.0,900,2023
Compass,39497,LA,510000.0,1000,2024
"Weichert, Realtors",31092,VA,170720.0,880,2023
Coldwell Banker Real Estate,02926,TX,198848.0,800,2025
Electronic Realty Associates,20986,NY,421200.0,900,2023
"Weichert, Realtors",85695,CA,546312.0,1040,2024
Sotheby International Realty,06909,TX,225960.0,840,2023
Electronic Realty Associates,44125,TX,215424.0,800,2024
Compass,52755,NV,197120.0,880,2023
Coldwell Banker Real Estate,45316,TX,330116.8,1180,2025
Compass,37430,NY,430520.0,940,2023
Century 21,08999,WA,305265.6,860,2024
"Weichert, Realtors",70132,IN,149000.0,1000,2023
Electronic Realty Associates,00504,FL,378000.0,1080,2023
Electronic Realty Associates,63569,TX,285069.6,1020,2024
EXIT Realty,43262,NY,442041.6,880,2025
eXp Realty,78604,NV,169728.0,800,2025
Compass,71986,IN,149000.0,1000,2023
EXIT Realty,95457,FL,448400.0,1180,2023
Century 21,75813,TX,272750.4,940,2025
Berkshire Hathaway HomeServices,56470,IN,117544.8,860,2024
Electronic Realty Associates,38451,OK,105780.0,820,2023
eXp Realty,81044,VA,171910.8,1060,2024
EXIT Realty,57534,LA,438700.0,820,2023
Compass,02985,VA,164257.6,1060,2025
Compass,83425,NY,364416.0,800,2025
Century 21,37143,LA,589680.0,1080,2025
Century 21,14012,OK,192660.0,1140,2023
Electronic Realty Associates,61372,WA,451942.4,1120,2025
Century 21,01941,TX,239047.2,840,2024
Keller Williams Realty,04153,TX,317420.0,1180,2023
Coldwell Banker Real Estate,95893,VA,167148.8,980,2025
EXIT Realty,36322,CA,525300.0,1020,2023
Keller Williams Realty,43968,WA,457745.6,1180,2025
RE/Max,75850,NV,188340.0,860,2023
Compass,53696,NV,209539.2,920,2025
RE/Max,09607,TX,224480.0,920,2023
Sotheby International Realty,25561,CA,535392.0,1040,2025
RE/Max,50179,TX,229440.0,960,2023
Coldwell Banker Real Estate,68941,IN,133280.0,1120,2023
Coldwell Banker Real Estate,57538,CA,442986.0,860,2024
Electronic Realty Associates,72225,TX,290598.0,1100,2024
Electronic Realty Associates,44393,LA,633360.0,1160,2025
Century 21,35764,FL,330000.0,1000,2023
Berkshire Hathaway HomeServices,47705,NY,434880.0,960,2023
EXIT Realty,52070,OK,144480.0,1120,2023
"Weichert, Realtors",04106,WA,319586.4,840,2024
Keller Williams Realty,82609,IN,139413.6,1020,2024
Berkshire Hathaway HomeServices,99393,VA,161100.0,900,2023
Keller Williams Realty,28547,TX,200491.2,840,2024
RE/Max,08376,LA,450800.0,920,2023
Coldwell Banker Real Estate,01983,WA,350620.0,940,2023
RE/Max,89095,FL,349600.0,920,2023
Electronic Realty Associates,33575,LA,456144.0,860,2025
Electronic Realty Associates,74898,TX,220580.0,820,2023
"Weichert, Realtors",91418,VA,174900.0,1100,2023
"Weichert, Realtors",17260,LA,471240.0,880,2024
Electronic Realty Associates,66091,FL,326400.0,960,2023
eXp Realty,10797,NV,253780.8,980,2025
eXp Realty,95258,NV,224000.0,1000,2023
Berkshire Hathaway HomeServices,69979,CA,546000.0,1040,2023
eXp Realty,86032,IN,166320.0,1080,2023
RE/Max,08111,WA,398320.0,1000,2025
Keller Williams Realty,10271,LA,481500.0,900,2023
EXIT Realty,29308,VA,145900.8,960,2024
Berkshire Hathaway HomeServices,49967,NV,227177.6,860,2025
Berkshire Hathaway HomeServices,53440,VA,225804.8,1180,2025
Compass,58439,NV,254040.0,1160,2023
Sotheby International Realty,57249,CA,589356.0,1080,2024
Coldwell Banker Real Estate,81573,TX,194688.0,800,2025
RE/Max,90258,NV,191433.6,920,2024
Coldwell Banker Real Estate,60103,TX,222740.0,860,2023
Compass,03235,LA,623480.0,1100,2025
Keller Williams Realty,47708,CA,492752.0,920,2025
RE/Max,88033,WA,344448.0,900,2025
Century 21,52383,WA,454960.8,1180,2024
"Weichert, Realtors",70515,WA,432928.8,1080,2024
Century 21,97947,OK,160720.0,980,2023
Compass,86076,TX,224480.0,920,2023
"Weichert, Realtors",46145,VA,152640.0,1060,2023
RE/Max,90183,FL,323136.0,960,2024
"Weichert, Realtors",86970,LA,489632.0,880,2025
Compass,07793,IN,135660.0,1140,2023
RE/Max,62880,NY,420640.0,880,2023
Berkshire Hathaway HomeServices,57310,CA,587100.0,1140,2023
Century 21,70213,TX,274060.8,1080,2025
Compass,79524,CA,540600.0,1020,2023
Coldwell Banker Real Estate,58178,IN,126963.2,1120,2025
Compass,34914,NY,554480.0,1160,2023
Century 21,95949,CA,458388.0,840,2024
Keller Williams Realty,07903,IN,121260.0,940,2023
Coldwell Banker Real Estate,86097,LA,562224.0,1060,2024
Century 21,51478,NV,269443.2,1020,2025
RE/Max,43484,TX,247320.0,1080,2023
Berkshire Hathaway HomeServices,58954,VA,155019.6,1020,2024
EXIT Realty,01978,NV,246758.4,1080,2024
RE/Max,97430,FL,325312.0,920,2025
Berkshire Hathaway HomeServices,76141,NY,410529.6,860,2024
RE/Max,85824,FL,330928.0,860,2025
Compass,34107,OK,153081.6,1120,2024
EXIT Realty,01754,FL,400554.0,1020,2024
RE/Max,32664,LA,556200.0,1080,2023
Sotheby International Realty,47508,FL,355200.0,960,2023
eXp Realty,50722,CA,632200.0,1160,2023
"Weichert, Realtors",86727,NV,224277.6,920,2024
Compass,58872,TX,272563.2,1120,2025
RE/Max,29719,TX,190944.0,800,2024
eXp Realty,85620,NV,277430.4,1140,2025
eXp Realty,50507,IN,142040.0,1060,2023
Compass,02622,NV,243780.0,1000,2024
Coldwell Banker Real Estate,66355,NV,287920.0,1180,2023
EXIT Realty,48493,VA,160720.0,980,2023
Century 21,35491,OK,137169.6,820,2024
EXIT Realty,41169,TX,290659.2,1040,2024
Berkshire Hathaway HomeServices,35596,VA,123379.2,840,2024
Berkshire Hathaway HomeServices,64576,IN,116560.0,940,2023
"Weichert, Realtors",82347,OK,130104.0,900,2025
Coldwell Banker Real Estate,70285,LA,628368.0,1140,2025
Electronic Realty Associates,20969,CA,525300.0,1020,2023
Compass,57479,WA,311251.2,860,2025
Berkshire Hathaway HomeServices,60939,LA,460512.0,820,2025
Century 21,55628,VA,164000.0,1000,2023
"Weichert, Realtors",69335,IN,146880.0,1020,2023
EXIT Realty,34505,NV,214720.0,880,2023
Century 21,44261,CA,441168.0,840,2025
Coldwell Banker Real Estate,66474,LA,509184.0,960,2025
Sotheby International Realty,71235,LA,400000.0,800,2023
Berkshire Hathaway HomeServices,02901,NV,205632.0,900,2024
EXIT Realty,33273,FL,309672.0,880,2024
Century 21,94299,VA,149817.6,1020,2024
RE/Max,28150,WA,315040.0,880,2023
"Weichert, Realtors",30725,TX,252429.6,920,2024
Coldwell Banker Real Estate,89126,FL,396000.0,1100,2023
Electronic Realty Associates,42615,FL,371488.0,940,2025
eXp Realty,20251,NV,214812.0,900,2024
Century 21,96795,LA,434300.0,860,2023
Berkshire Hathaway HomeServices,32341,VA,211792.8,1160,2024
EXIT Realty,92294,TX,230630.4,840,2025
Electronic Realty Associates,02022,VA,151980.0,1000,2024
Coldwell Banker Real Estate,68867,OK,102340.0,860,2023
Electronic Realty Associates,40256,NY,387004.8,840,2025
Coldwell Banker Real Estate,70959,WA,297856.0,800,2025
Berkshire Hathaway HomeServices,41699,IN,115627.2,1020,2025
Century 21,14185,FL,416100.0,1140,2023
Century 21,16123,TX,238904.4,980,2024
"Weichert, Realtors",64716,FL,331968.0,840,2025
"Weichert, Realtors",30098,OK,185785.6,1160,2025
Compass,46783,WA,365540.0,980,2023
Keller Williams Realty,72122,CA,594048.0,1120,2024
EXIT Realty,52266,NY,540960.0,1120,2023
Electronic Realty Associates,26704,WA,398473.2,1020,2024
Keller Williams Realty,66529,OK,141780.0,1000,2024
Century 21,59882,IN,136680.0,1020,2023
Sotheby International Realty,17536,IN,128620.0,1180,2023
EXIT Realty,28456,NY,445120.0,1000,2025
eXp Realty,35395,CA,494496.0,960,2024
Berkshire Hathaway HomeServices,52205,OK,180793.6,1060,2025
"Weichert, Realtors",96997,FL,332928.0,960,2024
Century 21,04613,NY,436560.0,1020,2023
Berkshire Hathaway HomeServices,29094,OK,123807.6,1020,2024
eXp Realty,47983,OK,128479.2,940,2024
Compass,59123,WA,390456.0,1100,2024
RE/Max,14644,VA,139920.0,880,2023
Compass,95259,NV,269318.4,1040,2025
Century 21,51861,VA,145662.4,940,2025
Electronic Realty Associates,42925,WA,428340.0,1180,2023
Keller Williams Realty,44321,NV,179760.0,840,2023
RE/Max,83541,VA,172665.6,920,2024
Electronic Realty Associates,86383,NY,387275.2,860,2025
Electronic Realty Associates,65817,VA,176419.2,940,2024
Electronic Realty Associates,31989,TX,243045.6,920,2024
Century 21,70834,FL,305286.0,820,2024
Coldwell Banker Real Estate,30209,WA,354868.8,940,2025
Century 21,08788,LA,488988.0,940,2024
EXIT Realty,29025,IN,161629.2,1140,2024
Century 21,21911,LA,430664.0,820,2025
EXIT Realty,65873,TX,294616.8,1160,2024
Berkshire Hathaway HomeServices,71673,IN,104720.0,880,2023
"Weichert, Realtors",86208,NV,196460.0,940,2023
eXp Realty,74892,NY,457267.2,960,2025
Sotheby International Realty,73240,NV,224889.6,1060,2025
Century 21,05812,WA,361670.4,920,2025
RE/Max,76729,IN,150920.0,980,2023
EXIT Realty,04390,IN,152632.8,1160,2024
Century 21,15213,LA,615600.0,1140,2023
Compass,78779,WA,405837.6,1160,2024
eXp Realty,87377,TX,234060.0,940,2023
Electronic Realty Associates,52222,NV,251596.8,1080,2025
Century 21,84408,FL,384384.0,1120,2025
Berkshire Hathaway HomeServices,02704,TX,222740.0,860,2023
Berkshire Hathaway HomeServices,03122,NV,187598.4,880,2024
Electronic Realty Associates,89187,IN,154960.0,1000,2025
Coldwell Banker Real Estate,46299,LA,565488.0,1120,2024
"Weichert, Realtors",34866,OK,181029.6,1020,2024
eXp Realty,85498,VA,165360.0,1000,2025
Berkshire Hathaway HomeServices,32498,CA,454500.0,900,2023
Sotheby International Realty,45608,NY,483840.0,1080,2023
Electronic Realty Associates,48781,IN,97760.0,940,2023
eXp Realty,98464,LA,483000.0,920,2023
eXp Realty,68248,NY,483000.0,1000,2023
Electronic Realty Associates,99322,IN,170217.6,1120,2024
Century 21,06071,NY,421200.0,900,2023
EXIT Realty,55397,FL,377104.0,980,2025
eXp Realty,81932,FL,287028.0,840,2024
eXp Realty,37196,TX,214812.0,900,2024
eXp Realty,67910,LA,424320.0,800,2024
eXp Realty,58920,FL,369852.0,980,2024
Coldwell Banker Real Estate,60238,TX,279260.8,980,2025
RE/Max,95516,OK,131539.2,1020,2025
Keller Williams Realty,19745,VA,198681.6,960,2025
Century 21,79174,FL,306592.0,880,2025
Compass,48252,OK,150259.2,1120,2025
Sotheby International Realty,12112,LA,490500.0,900,2023
EXIT Realty,08341,VA,152449.2,940,2024
RE/Max,69381,OK,139128.0,1100,2024
Berkshire Hathaway HomeServices,86904,LA,481950.0,900,2024
"Weichert, Realtors",60728,TX,242100.0,900,2023
Keller Williams Realty,16962,IN,124000.0,1000,2023
Berkshire Hathaway HomeServices,62026,CA,545900.0,1060,2023
RE/Max,73243,VA,209913.6,1160,2025
Berkshire Hathaway HomeServices,84015,NY,442998.4,920,2025
Electronic Realty Associates,56270,CA,584100.0,1180,2023
Century 21,94047,IN,124766.4,880,2024
EXIT Realty,09034,VA,212284.8,1080,2025
Coldwell Banker Real Estate,43821,NV,209580.8,880,2025
